,open,close,high,low,volume,money,r,rsrs
2005-01-10,836.99,832.986,836.99,819.44,1535163100.0,8404724081.0,,
2005-01-17,833.209,811.554,845.548,810.002,1305884700.0,6698001762.0,,
2005-01-24,811.316,842.414,851.244,798.354,2456013700.0,12252862581.0,0.011318317474723462,
2005-01-31,839.715,813.753,844.071,810.722,1509522400.0,7978762368.0,0.00270961636563934,
2005-02-16,812.563,875.46,884.986,812.152,3001502500.0,16669499738.0,0.03922774312867551,
2005-02-23,876.636,877.914,889.982,855.416,2561935400.0,14300913385.0,0.0788457922735768,
2005-03-02,875.726,855.879,888.791,855.283,2599860400.0,15323767479.0,-0.022366527311356334,
2005-03-09,854.789,869.403,880.494,851.434,2135070700.0,12336363095.0,-0.00969457145005088,
2005-03-16,869.024,832.823,869.099,829.399,2436289200.0,14241406708.0,-0.026938387318768235,
2005-03-23,833.711,801.981,835.686,798.005,1784363700.0,9914980266.0,-0.07754976690901691,
2005-03-30,800.805,790.58,812.33,790.192,1480197900.0,8205668234.0,-0.050722662558550784,
2005-04-06,788.006,816.879,834.557,783.982,2452296100.0,13559739924.0,0.01857649994201861,
2005-04-13,819.034,835.628,842.477,815.216,2749277300.0,15811527011.0,0.05698095069442687,
2005-04-20,840.241,798.517,841.171,793.902,1842747400.0,10406721550.0,-0.02247823729095737,
2005-04-27,796.117,782.432,803.413,781.946,1940496300.0,10264911360.0,-0.06365990608261095,
2005-05-11,779.699,771.586,798.212,764.848,1982165200.0,10799017011.0,-0.03372627007314814,
2005-05-18,770.818,752.662,771.573,741.83,1846672400.0,9712766119.0,-0.038048034845200585,
2005-05-25,752.981,737.538,760.016,726.274,1541089700.0,7347320124.0,-0.044127291060231784,
2005-06-01,737.098,719.025,741.355,717.68,1412060400.0,6782717531.0,-0.044690711102726134,0.8860596089406145
2005-06-08,716.797,772.134,775.001,693.528,3007434700.0,14715993887.0,0.046907413584113634,0.9726225597575626
2005-06-15,774.301,745.216,790.391,743.55,4231507500.0,21453801595.0,0.03642571537846394,0.8130710115734949
2005-06-22,745.202,774.15,781.812,742.96,2816621500.0,13740697500.0,0.002610945768480552,0.8125326351066036
2005-06-29,773.584,772.02,786.482,764.424,2192150500.0,10162757550.0,0.03596809515630364,0.8215960952295444
2005-07-06,770.961,734.768,770.961,732.471,1719378500.0,8689719589.0,-0.050871278176064,0.8227778159236938
2005-07-13,733.871,748.55,756.252,721.854,1960005300.0,9632734077.0,-0.030400766819512485,0.8044574567569932
2005-07-20,746.671,753.546,759.27,743.132,1752854900.0,8447948869.0,0.025556366091065506,0.7851897906402303
2005-07-27,753.448,792.489,792.737,750.74,3552297600.0,17004687885.0,0.058698817714247654,0.7500492073707236
2005-08-03,792.546,797.744,805.123,785.785,2929922800.0,13396800129.0,0.058653353610794795,0.6713406342144077
2005-08-10,796.072,822.164,822.242,792.622,3049569500.0,15162182250.0,0.0374453146983743,0.6165340759127717
2005-08-17,822.571,833.838,842.841,817.79,4499805800.0,23573315786.0,0.045245091157062836,0.6378185932489533
2005-08-24,841.703,825.453,843.322,809.222,4593100600.0,22521736439.0,0.0040004184080061735,0.6500830727738645
2005-08-31,825.547,816.755,828.738,806.577,2670203600.0,12962767477.0,-0.020487192955945845,0.6575798373251662
2005-09-07,817.229,825.118,832.454,812.989,3000714300.0,15117557357.0,-0.0004058377642336059,0.6368619941966719
2005-09-14,826.648,834.013,834.265,818.965,2842368600.0,14383734483.0,0.021129959412553384,0.6543430673994071
2005-09-21,834.444,811.135,834.999,810.106,2634825600.0,13233511004.0,-0.016946667022171447,0.6573860044399071
2005-09-28,808.892,782.998,809.352,780.765,2041286500.0,10471355421.0,-0.061168111288433136,0.6647469734477
2005-10-12,784.151,795.324,797.971,784.151,1579896600.0,8213499654.0,-0.01949243960623082,0.6494505405397764
2005-10-19,795.053,769.682,797.594,765.707,1910701800.0,9861163576.0,-0.017006429135195785,0.5928654727199829
2005-10-26,768.619,749.125,777.857,747.002,2233187900.0,10505656004.0,-0.0580882759730625,0.7619205825696053
2005-11-02,747.505,762.938,768.098,742.228,2332635600.0,10447788661.0,-0.008762060175501088,0.8040807528366427
2005-11-09,763.06,756.171,767.118,749.212,1925501400.0,8926934834.0,0.009405639913232169,0.8336125562904269
2005-11-16,756.21,744.138,756.562,733.032,1490091600.0,6784809580.0,-0.02464158293334446,0.8443941571303363
2005-11-23,743.8,754.156,765.042,739.579,2440537800.0,9917552761.0,-0.002664741176268463,0.8851957826412824
2005-11-30,753.435,759.633,770.842,751.9,2955379400.0,11688013697.0,0.020822750618836833,0.9081895918169695
2005-12-07,759.346,767.543,767.714,748.013,2047223900.0,9404326140.0,0.017750969295477405,0.8985646480753191
2005-12-14,767.782,778.494,780.694,762.462,2139921000.0,10569158421.0,0.024829095102503432,0.954579507381567
2005-12-21,778.474,783.984,791.636,776.014,2172457000.0,10140777731.0,0.021420298276448396,0.9617348192973117
2005-12-28,783.155,793.54,798.339,781.937,2338987300.0,11334288692.0,0.019327059681898556,0.9529578526047556
2006-01-06,793.316,836.895,842.692,793.12,4777272200.0,25476860098.0,0.0674898977530153,0.933674191975241
2006-01-13,837.76,831.136,842.062,826.965,4010884500.0,21786855393.0,0.047377573909317745,0.8995095887477597
2006-01-20,830.478,840.376,844.43,813.122,3739616200.0,18481921540.0,0.00415942262768925,0.8796578812633372
2006-02-07,840.962,856.669,863.964,834.749,4228641000.0,22732071929.0,0.03072060408886153,0.90923252231047
2006-02-14,856.937,862.648,863.445,848.432,3781833900.0,19228356854.0,0.02650242272506598,0.9669162825266379
2006-02-21,865.223,872.565,872.739,853.147,4056067200.0,21446043434.0,0.01855559148282484,0.9330899889315247
2006-02-28,873.373,892.904,894.829,866.759,4151860400.0,22642408471.0,0.03507340189741351,0.9352260093392661
2006-03-07,893.49,861.865,897.103,860.451,3986664500.0,21311438865.0,-0.012262696761845873,0.9626390926774094
2006-03-14,860.122,860.874,866.022,852.086,2378612500.0,13000933596.0,-0.035871717452268075,0.9948794777118715
2006-03-21,860.704,875.232,881.282,858.96,2742130300.0,14715539659.0,0.015509389521560757,0.9869235267423095
2006-03-28,875.096,874.773,877.292,864.392,3030910600.0,16116447400.0,0.016145219857958307,0.9897330323068716
2006-04-04,879.918,900.84,901.04,873.594,4242596300.0,23750909275.0,0.029258528024569557,0.9646536589496129
2006-04-11,901.675,912.391,916.267,891.389,4714865800.0,26989017048.0,0.04300315624739211,0.9705625512895647
2006-04-18,912.68,927.478,931.959,889.757,5244460100.0,26909993493.0,0.029570178944096533,0.9790190041163767
2006-04-25,932.469,931.323,955.869,916.937,6616171400.0,37138945251.0,0.02074987587558406,0.9942192173513777
2006-05-09,930.683,1017.619,1019.643,928.915,7177967400.0,43882634210.0,0.09718936729496558,1.0133183143609057
2006-05-16,1021.32,1079.705,1117.431,1008.489,10085853900.0,65810143112.0,0.15932388655708057,1.0998958096071632
2006-05-23,1079.364,1058.991,1107.661,1046.89,10563026100.0,61666087545.0,0.04065568744294275,1.275987456753839
2006-05-30,1062.889,1092.251,1099.662,1034.222,6789044000.0,41277572907.0,0.01161984060460964,1.210947760220279
2006-06-06,1091.389,1100.56,1114.252,1070.9,8227847600.0,47738821227.0,0.039253402531277376,1.2520322748168873
2006-06-13,1102.151,1032.618,1102.151,1017.844,6341364100.0,40127981417.0,-0.05459642518065906,1.17279222400303
2006-06-20,1027.189,1060.542,1062.228,1011.895,3934744700.0,24815660939.0,-0.036361488696663544,1.2042023385544358
2006-06-27,1060.539,1081.131,1088.837,1043.739,4228013100.0,26061191351.0,0.04698058720649858,1.1971367250302487
2006-07-04,1080.012,1115.169,1129.543,1073.185,5982008600.0,36111778125.0,0.05150856826038024,1.1620587638009463
2006-07-11,1114.561,1101.82,1114.637,1082.715,4502009500.0,29441912639.0,0.019136441374819377,1.139347488869557
2006-07-18,1102.797,1064.746,1106.655,1038.468,4610201500.0,29362204378.0,-0.045215568223291716,1.0923474518538625
2006-07-25,1063.162,1068.106,1071.939,1034.739,3233916900.0,19197626001.0,-0.030598464358969655,1.0985117996939566
2006-08-01,1070.261,1011.146,1077.085,1009.372,3372449700.0,19335472631.0,-0.050340644623224816,1.060052797130859
2006-08-08,1011.165,994.537,1016.686,974.844,2793959700.0,15574412714.0,-0.06887799525515254,1.034049406151693
2006-08-15,996.449,1007.798,1016.708,988.988,2805703400.0,15964590415.0,-0.0033110945402542824,0.9816561240843248
2006-08-22,1008.473,1018.508,1023.693,982.896,2897447800.0,16547049215.0,0.024102672902063978,0.9224019169542577
2006-08-29,1017.464,1049.64,1060.61,1014.17,3677112300.0,22932280857.0,0.04151824075856481,0.8471120181878401
2006-09-05,1047.561,1052.166,1056.807,1032.532,3573724600.0,20722465764.0,0.03304637764259083,0.742730814235579
2006-09-12,1052.913,1066.823,1070.018,1041.681,4123412200.0,22682588703.0,0.01637037460462634,0.555974949226194
2006-09-19,1068.417,1101.956,1108.723,1060.169,6944822900.0,37663970232.0,0.04732143026860777,0.5814549472672023
2006-09-26,1100.27,1077.302,1116.256,1072.322,4732664400.0,28408895422.0,0.009822622871835171,0.7844534910732159
2006-10-10,1076.493,1152.238,1160.619,1076.19,5802195700.0,33507959708.0,0.04562977106163963,0.7813949264838805
2006-10-17,1151.948,1125.442,1158.855,1122.217,5691679500.0,31098002214.0,0.04468570558673436,0.8568675938090281
2006-10-24,1124.725,1159.133,1161.298,1124.159,4680545400.0,26994766047.0,0.005984006776377781,0.84119384897743
2006-10-31,1161.276,1193.843,1194.173,1157.295,8621965700.0,44937506531.0,0.060777010276851284,0.901017268144054
2006-11-07,1194.636,1258.646,1259.29,1191.878,9193481300.0,52445069855.0,0.08585123536298243,0.9046909448167814
2006-11-14,1253.474,1262.158,1293.351,1227.624,10037090600.0,57197129429.0,0.05722276714777389,0.978747543291083
2006-11-21,1263.349,1376.632,1376.881,1255.331,13067156400.0,73115589363.0,0.093740416288615,1.020529239870084
2006-11-28,1372.681,1367.515,1403.871,1354.098,11969689700.0,71403402698.0,0.08347370139079276,1.1126251739821642
2006-12-05,1343.019,1500.475,1517.256,1333.14,12491265600.0,80526185284.0,0.08996086099988947,1.0694238495067583
2006-12-12,1500.562,1544.908,1560.234,1445.753,16414224000.0,98581582459.0,0.129719235255189,1.1490549552453173
2006-12-19,1548.22,1643.141,1666.214,1523.07,12144676900.0,83302388367.0,0.09508055782335606,1.166009759747778
2006-12-26,1632.663,1673.88,1692.829,1602.402,12371925700.0,85051078168.0,0.08348199374978978,1.1843354689992909
2007-01-05,1678.019,1815.12,1924.922,1676.474,20446942500.0,147095177896.0,0.10466478531057274,1.1367717099633787
2007-01-12,1813.619,1876.143,1977.879,1804.409,16784763900.0,135271484463.0,0.12083482686930958,1.1989969302630898
2007-01-19,1872.078,1995.532,2033.923,1872.078,15034026700.0,131292877056.0,0.09939397946141304,1.1894476007353607
2007-01-26,2020.0,2164.514,2176.347,2020.0,18001273400.0,168658560531.0,0.1537041686054848,1.166340236793514
2007-02-02,2181.872,1954.966,2251.567,1945.098,16107815400.0,143810309431.0,-0.02032841367615254,1.1372879260690405
2007-02-09,1943.056,2003.324,2031.536,1824.599,12922086200.0,118355171423.0,-0.07446937280146955,1.1679503989839997
2007-02-16,2004.216,2232.978,2266.426,2001.342,12210219400.0,114660386166.0,0.14220809978280963,1.1695438288910867
2007-03-02,2225.869,2069.074,2253.474,1996.564,15289587700.0,142525263056.0,0.03282045240809774,1.1894748076878605
2007-03-09,2062.032,2144.218,2171.84,1978.57,11739407000.0,109241573119.0,-0.03974960792269347,1.1906980644966414
2007-03-16,2146.979,2107.627,2154.734,2074.501,11706480900.0,114704016653.0,0.01863297301111506,1.1755212946334919
2007-03-23,2060.765,2200.042,2228.316,2054.926,13770130200.0,139092796815.0,0.026034666251286052,1.1130473929718343
2007-03-30,2204.769,2288.263,2351.348,2184.4,19712048200.0,195678929103.0,0.08570586730953815,1.0921153163931638
2007-04-06,2299.493,2390.642,2399.829,2299.493,14917269500.0,162897078900.0,0.08663470970099658,1.0578132791398143
2007-04-13,2398.856,2517.789,2551.061,2398.856,19038069000.0,221320009021.0,0.10030577778865467,1.0059644818548594
2007-04-20,2519.657,2547.501,2603.704,2380.32,18690486600.0,221385377112.0,0.06561375563551565,0.957414855228112
2007-04-27,2573.995,2681.3,2717.97,2570.481,19539070400.0,234552781259.0,0.0649422965943532,0.9727474244764251
2007-05-11,2715.886,2867.972,2903.708,2694.239,22999091200.0,295551264579.0,0.12579818418128197,0.9341997849925343
2007-05-18,2823.464,2854.318,2919.44,2731.82,16983225600.0,232191555726.0,0.06452765449595346,0.9394460684971557
2007-05-25,2763.768,2942.513,2958.739,2757.567,18926573000.0,256392149656.0,0.025990839520051,0.9209609686368482
2007-06-01,2976.756,2906.588,3055.873,2748.056,25308383000.0,357269940500.0,0.018312605673229114,0.9484306835680933
2007-06-08,2923.411,2856.019,2935.876,2493.312,17950970400.0,242122371398.0,-0.02939460250472985,0.9743144187788835
2007-06-15,2875.106,3035.778,3058.494,2856.993,16479508600.0,237617748064.0,0.044447303849048984,0.9676410338940334
2007-06-22,3090.167,3037.509,3155.969,2982.231,14883053300.0,224363594368.0,0.06354649601420728,0.9600129548698495
2007-06-29,3054.281,2915.882,3099.159,2860.716,12252218400.0,175179255571.0,-0.03949432402501096,0.9766250355661186
2007-07-06,2906.138,2860.735,2965.606,2700.756,9384644500.0,123381665788.0,-0.05819702921044839,0.9829004870944278
2007-07-13,2883.538,2970.342,2997.782,2858.922,8237824900.0,109826207283.0,0.018677024653261015,1.0070988916412473
2007-07-20,2974.922,3102.789,3104.77,2847.404,8796145100.0,118793870368.0,0.08461252090808834,1.0112337961337357
2007-07-27,3133.28,3293.38,3336.944,3133.28,15325302900.0,213535208966.0,0.1087544801238376,1.022638977868547
2007-08-03,3294.682,3520.144,3521.968,3267.683,15353624400.0,229187930728.0,0.13450962988459722,0.974931681566548
2007-08-10,3552.003,3707.916,3739.019,3533.768,18798098800.0,270049888965.0,0.12586947148522187,0.9744190000893784
2007-08-17,3717.529,3606.528,3823.939,3597.593,16741207100.0,253532134938.0,0.024539905185696955,0.9556701138820577
2007-08-24,3718.195,4104.658,4120.752,3709.517,14436843900.0,236646322123.0,0.10699864829731855,0.9392982475833755
2007-08-31,4128.737,4150.167,4188.184,4058.001,14219047900.0,246719514145.0,0.15073749600724037,0.9860627164533772
2007-09-07,4176.864,4111.931,4252.754,4074.293,15778109200.0,260977885177.0,0.001771889399798772,0.9468723106291514
2007-09-14,4052.549,4165.566,4199.27,3939.35,12877011300.0,225160626147.0,0.0037104530974294363,0.9339430718397789
2007-09-21,4170.95,4197.038,4269.586,4118.326,13100244400.0,236378704646.0,0.020697574934987962,0.9417868814880495
2007-09-28,4201.416,4307.417,4315.348,4128.262,8856832800.0,170469804926.0,0.03405323550269053,0.9285611140386983
2007-10-12,4407.5,4578.686,4633.814,4347.758,16563709200.0,286555350998.0,0.09093270063316086,0.9238008318464422
2007-10-19,4606.484,4494.561,4772.933,4454.149,13893438500.0,261195026535.0,0.04344691958080662,0.9459583114061184
2007-10-26,4441.531,4429.979,4598.889,4313.801,9887916300.0,189940586837.0,-0.0324780952439192,1.0005067205419997
2007-11-02,4453.327,4543.163,4668.731,4451.912,11118456400.0,208158697026.0,0.01081351437882362,1.0038633848208742
2007-11-09,4517.225,4139.572,4547.887,4058.88,8144924800.0,157534081739.0,-0.06555493829654727,0.9956060096753562
2007-11-16,4025.828,4133.351,4269.759,3951.329,7789474600.0,150950961309.0,-0.09020411550278956,0.9999068870840327
2007-11-23,4141.198,3961.369,4186.289,3844.179,5890495300.0,117381806310.0,-0.04304865333904084,1.006164932318863
2007-11-30,4020.645,3880.339,4038.478,3757.957,6383038900.0,126564885318.0,-0.06121231901186223,0.9743364622488214
2007-12-07,3859.854,4122.062,4128.779,3838.487,5482916700.0,104544248089.0,0.04056501679091237,0.960120653454634
2007-12-14,4052.375,4008.878,4216.53,3881.5,7360774300.0,154411032945.0,0.0331257140162239,0.9164726006993763
2007-12-21,4002.988,4081.005,4096.242,3826.917,6298126400.0,123362842975.0,-0.00996030627389879,0.8679046392290733
2007-12-28,4112.524,4226.756,4280.733,4096.67,9768264000.0,190588273393.0,0.05434887267709323,0.8191329999175471
2008-01-08,4230.806,4358.095,4437.566,4123.119,12804874800.0,258392480564.0,0.06789749093666882,0.7495254573991537
2008-01-15,4341.53,4440.819,4524.289,4324.908,12320658200.0,260361031214.0,0.050644749779736535,0.7973469940783855
2008-01-22,4395.373,3679.014,4395.373,3636.474,12019887500.0,244601690303.0,-0.15582060510383552,0.8007773068975932
2008-01-29,3712.848,3611.978,3913.739,3554.524,10423662700.0,188091240648.0,-0.18664147311565732,0.5061625092870493
2008-02-05,3653.73,3766.163,3817.614,3376.612,8884817800.0,169840935682.0,0.023688140354997257,0.5654711125656424
2008-02-19,3697.534,3787.029,3787.219,3593.167,6404070600.0,120823744636.0,0.04846402718953436,0.6367939527033482
2008-02-26,3792.295,3363.701,3805.392,3275.843,8769059200.0,161172272968.0,-0.10686260791155348,0.693824796207739
2008-03-04,3384.554,3424.791,3566.156,3348.817,6500871400.0,122859721299.0,-0.095652291017576,0.6721437295698037
2008-03-11,3415.732,3264.566,3504.826,3187.826,6618717100.0,124399744879.0,-0.029472001227219727,0.6886935594725937
2008-03-18,3343.406,2869.614,3355.982,2821.112,6767465900.0,121393287199.0,-0.16210536642965953,0.7239217125507114
2008-03-25,2925.255,2884.623,3063.89,2765.248,8087546200.0,139409318687.0,-0.1163839236210877,0.72285834017861
2008-04-01,2904.342,2713.487,2965.261,2683.501,7954856500.0,127812990460.0,-0.05440696902092056,0.7774236781845157
2008-04-09,2757.526,2803.154,3011.42,2679.292,9462219700.0,151852414432.0,-0.028242512106434723,0.8297429035574972
2008-04-16,2780.602,2654.902,2900.543,2591.681,5924815600.0,90805064459.0,-0.021590300598455063,0.8535407087645787
2008-04-23,2650.122,2718.253,2730.929,2451.605,7907393200.0,117112964684.0,-0.030287668818766232,0.8811060310848647
2008-04-30,2948.969,3125.533,3135.716,2880.267,17051272200.0,274301568437.0,0.1772686901437416,0.9083494171126655
2008-05-09,3169.005,2978.189,3184.107,2929.243,11381309200.0,197075647470.0,0.09562612457339316,0.9122661125642024
2008-05-16,2915.262,3009.207,3075.217,2884.575,8380914400.0,134313302715.0,-0.03721797210267817,0.9211349034372347
2008-05-23,2999.409,2838.055,3008.033,2752.154,6904447700.0,102721630146.0,-0.04705342743526352,0.951964379588449
2008-05-30,2812.514,2800.791,2855.68,2726.86,5207798900.0,81969875487.0,-0.06925944277013835,0.9568874172082782
2008-06-06,2792.242,2701.789,2834.495,2687.224,5965252300.0,82430320898.0,-0.04801386865300342,1.0561121790844314
2008-06-16,2586.722,2323.689,2597.477,2279.887,6280565800.0,81463995096.0,-0.17034544883927444,0.9826622948318234
2008-06-23,2325.26,2220.083,2383.272,2152.312,7611214900.0,94268761653.0,-0.17829149500571662,0.9522461120354822
2008-06-30,2207.514,2175.611,2357.445,2146.446,6779121500.0,79896933081.0,-0.0637253952658897,0.9425532176477162
2008-07-07,2181.712,2190.304,2200.008,1992.347,7299908700.0,89433228125.0,-0.013413462469646403,1.0057825539654608
2008-07-14,2204.491,2259.162,2319.015,2151.847,9671359300.0,117736136783.0,0.038403464589947346,0.9741655857904866
2008-07-21,2266.97,2228.446,2274.022,2056.188,7854869900.0,89594891164.0,0.01741402106739513,1.0171835083709624
2008-07-28,2219.74,2278.229,2318.081,2205.344,7544089300.0,93106276564.0,0.008439855132124216,1.01019462831431
2008-08-04,2244.849,2155.891,2272.401,2127.357,5311075000.0,61971819242.0,-0.03255856323195619,1.0120072700118752
2008-08-11,2169.14,1975.516,2175.343,1962.234,5404853800.0,60289749805.0,-0.13287206861118867,1.0169115733538976
2008-08-18,1959.564,1859.998,1990.126,1859.692,4247997500.0,43556855518.0,-0.13724859002611914,1.011162812677551
2008-08-25,1840.253,1954.851,2045.255,1832.254,5473552800.0,57114878036.0,-0.010460558152907879,1.0193519393695532
2008-09-01,1930.063,1905.901,1997.198,1895.495,4703136600.0,50611928872.0,0.024679058794686886,1.009043454503352
2008-09-08,1893.006,1770.373,1901.937,1764.278,4013591800.0,42407178119.0,-0.09436934068120796,1.0204513856060033
2008-09-16,1779.133,1615.581,1815.798,1607.274,4771943000.0,46527009069.0,-0.15232690470281518,1.0168278700883333
2008-09-23,1589.304,1726.13,1801.168,1433.436,14363064200.0,127741150955.0,-0.024990778779387133,0.9908589570691271
2008-10-07,1681.98,1678.266,1844.569,1622.825,12099066600.0,122386233454.0,0.03880028299416753,0.9210314015584868
2008-10-14,1623.282,1564.727,1679.916,1488.344,9582157400.0,91764907688.0,-0.09350570351016436,0.8850378500045246
2008-10-21,1543.239,1514.129,1563.314,1452.847,6864271600.0,64817019246.0,-0.09780154039943618,0.8962328347176907
2008-10-28,1491.915,1353.688,1516.934,1269.291,8222744700.0,68850240683.0,-0.1348727285973847,0.9229317350867549
2008-11-04,1364.083,1313.017,1380.464,1290.808,7042764700.0,59509995040.0,-0.13282355730588336,0.8843612076191311
2008-11-11,1324.385,1443.209,1478.138,1301.036,10174179000.0,82132990827.0,0.06613119123461238,0.9110356439363327
2008-11-18,1424.959,1459.109,1583.797,1421.356,15218170800.0,129077709186.0,0.11126436291380833,0.9099462022911602
2008-11-25,1455.288,1435.356,1549.475,1412.664,12267021700.0,101888071756.0,-0.005441346333067536,0.9099891213617171
2008-12-02,1434.146,1419.485,1536.606,1383.783,10015110400.0,82958325754.0,-0.027156298809753093,0.9110658042009282
2008-12-09,1434.796,1554.506,1609.681,1432.891,17417207000.0,149229734927.0,0.08301076527356285,0.8987027378805279
2008-12-16,1546.993,1512.084,1612.33,1462.697,12586709300.0,107914603761.0,0.06523422227075325,0.9050696551268207
2008-12-23,1518.166,1451.759,1577.882,1451.34,10703745500.0,91695344655.0,-0.06609623893378351,0.8976330743300219
2008-12-30,1434.588,1390.401,1451.633,1385.309,6777036100.0,53750035575.0,-0.08047370384185004,0.8524128540984222
2009-01-08,1393.415,1430.087,1495.651,1382.069,11125303100.0,84851931939.0,-0.01492809756991348,0.8631077606314289
2009-01-15,1428.237,1469.204,1484.922,1412.927,10989005700.0,88396880728.0,0.05667645520968403,0.8052500748305212
2009-01-22,1478.073,1547.589,1568.643,1478.073,15420287800.0,130555226393.0,0.08216423196630691,0.8132775696109495
2009-02-05,1542.932,1629.466,1677.866,1529.174,15703895500.0,129454772878.0,0.10908083560894195,0.7706351495398936
2009-02-12,1634.602,1699.346,1764.017,1634.602,23532972900.0,206544423293.0,0.09806027310868717,0.6655285500139017
2009-02-19,1700.577,1675.769,1829.475,1651.595,26160661800.0,233682535088.0,0.028416057775983123,0.8295736032539224
2009-02-26,1673.975,1605.611,1740.781,1593.225,21086822300.0,196291141933.0,-0.05515945546110086,0.8122585836762559
2009-03-05,1592.386,1694.648,1718.574,1544.619,19975443000.0,177988984149.0,0.0112658725635812,0.8328374991301711
2009-03-12,1659.574,1628.336,1716.355,1590.236,15080075600.0,142818838503.0,0.014153490478079627,0.8581409212314666
2009-03-19,1640.526,1733.8,1736.694,1604.092,15830858300.0,153384673506.0,0.02310332293195994,1.0084292291661414
2009-03-26,1737.534,1811.873,1812.213,1705.956,22231583100.0,218494974128.0,0.11271445205412153,0.9609977108249854
2009-04-02,1827.985,1878.396,1899.234,1772.266,24932776700.0,238401331394.0,0.08339831583804361,0.9793799577337542
2009-04-10,1898.695,1895.159,1920.77,1803.064,21686323400.0,210473498263.0,0.045966797893671384,0.9922715940294118
2009-04-17,1915.431,1920.309,1958.748,1905.101,22950655900.0,236305014960.0,0.02231318635687044,0.9823583529935683
2009-04-24,1915.995,1860.748,1967.267,1850.25,19026849800.0,186106565269.0,-0.018157315560330324,0.9183691126126231
2009-05-04,1858.864,1957.94,1959.815,1805.776,17878692900.0,178431767477.0,0.019596325383050377,0.9489916931629331
2009-05-11,1971.743,2000.775,2086.538,1951.757,24520862900.0,244252613046.0,0.07525307027066537,0.9751811707041976
2009-05-18,1985.389,2029.06,2059.174,1980.09,17928225200.0,187886597802.0,0.03632389143691834,0.9886314088402023
2009-05-25,2051.573,1970.98,2059.147,1927.033,16576507200.0,178503008403.0,-0.014891729454836286,0.9370342275564995
2009-06-03,1976.612,2149.577,2150.133,1945.021,21766975300.0,238125998604.0,0.05939548362295855,0.9306421711625658
2009-06-10,2138.627,2212.191,2224.633,2131.423,24548302200.0,262026404739.0,0.12238125196602695,0.9182047734542385
2009-06-17,2207.197,2236.076,2242.395,2138.637,17414972000.0,195364610242.0,0.040240010011271886,0.883716761382189
2009-06-24,2238.963,2336.08,2374.616,2237.24,24268742600.0,259792054125.0,0.05600284966352369,0.887248240030145
2009-07-01,2337.168,2440.897,2444.097,2324.959,18161001000.0,215400825220.0,0.09159840720977279,0.9124334647304584
2009-07-08,2448.043,2502.154,2562.2,2432.418,26263901300.0,324287403572.0,0.07109088729838023,0.9390813382531265
2009-07-15,2495.701,2576.776,2581.56,2466.402,21956335800.0,279376726129.0,0.05566765004832236,0.9583715403732944
2009-07-22,2598.646,2677.151,2685.427,2575.389,25725474100.0,338333444572.0,0.06993854095311473,0.9780388697927409
2009-07-29,2681.396,2671.593,2829.802,2583.073,29920590300.0,387750448989.0,0.03679675687758657,0.977515928237063
2009-08-05,2702.463,2761.957,2849.411,2662.87,28127227800.0,370130513281.0,0.03167770514251906,1.0195739389501468
2009-08-12,2737.523,2493.481,2755.597,2489.932,18248621900.0,251741661193.0,-0.06666883765603504,1.0319364869955652
2009-08-19,2493.233,2230.719,2535.366,2206.597,18147627000.0,228082247202.0,-0.19234115520263345,1.0531315997218496
2009-08-26,2240.096,2292.488,2392.035,2193.995,16985131000.0,213659890188.0,-0.08060739183494896,1.03251978725548
2009-09-02,2277.377,2123.505,2316.238,2033.44,16404174900.0,192459262370.0,-0.04806253051146287,1.0122202306093218
2009-09-09,2127.212,2305.0,2322.865,2119.46,16977999000.0,205408979684.0,0.005457825733439029,0.9661525827408445
2009-09-16,2295.798,2336.615,2405.599,2272.85,15080896100.0,184687902803.0,0.1003576633914211,0.9489826246417151
2009-09-23,2354.919,2199.085,2389.743,2188.265,15032754500.0,178878388337.0,-0.04595010845986983,0.9302971320167357
2009-09-30,2187.612,2198.407,2262.278,2144.603,10361129500.0,120964414605.0,-0.0591488114216504,0.8939376598311849
2009-10-15,2251.817,2363.598,2402.35,2246.279,12285438700.0,151801794254.0,0.0748097504189242,0.8661820424462766
2009-10-22,2371.234,2428.972,2483.162,2320.758,13825422600.0,176730905216.0,0.10487821408865602,0.8625191405476994
2009-10-29,2435.18,2349.015,2499.158,2341.919,13175585700.0,167522692451.0,-0.006169830910332503,0.837338067160431
2009-11-05,2394.059,2505.14,2519.942,2313.786,13886860700.0,170751711941.0,0.031358121872133424,0.8094069373835875
2009-11-12,2528.463,2508.503,2549.639,2485.643,14723953300.0,179624579484.0,0.0678956924498142,0.8009661853998779
2009-11-19,2504.144,2602.845,2627.925,2471.881,18844995100.0,227445377789.0,0.0390018122739647,0.761257234239103
2009-11-26,2592.86,2459.202,2615.246,2451.509,21543536000.0,277652031400.0,-0.01965355433100934,0.7703195380047266
2009-12-03,2433.839,2497.273,2527.104,2379.948,18260259500.0,229148373928.0,-0.040560233129517766,0.7864764730880163
2009-12-10,2489.789,2509.747,2606.711,2474.738,19223845500.0,253106553842.0,0.020553415294880053,0.8032672070078362
2009-12-17,2516.835,2464.802,2569.059,2451.984,14236068700.0,178437339021.0,-0.013002583217773948,0.7378074939088832
2009-12-24,2444.822,2430.363,2459.863,2342.754,12963941800.0,164118764683.0,-0.03163027986486288,0.6339788486250255
2009-12-31,2423.482,2553.8,2563.967,2402.619,14705448700.0,192600617731.0,0.03610756563813241,0.572948063308552
2010-01-08,2565.108,2466.165,2570.152,2432.013,14707762700.0,207638435995.0,0.014731132756711708,0.6862883921404356
2010-01-15,2584.528,2427.807,2584.528,2384.165,18500533600.0,250607370944.0,-0.04933550003915749,0.6928923778781951
2010-01-22,2414.893,2380.055,2450.281,2317.481,16334932400.0,211978342972.0,-0.03491656073295993,0.7779705161899332
2010-01-29,2355.357,2243.994,2389.627,2231.649,10537996700.0,131682269135.0,-0.07571153720209212,0.794079763934912
2010-02-05,2238.617,2219.6,2278.475,2182.952,10219785200.0,131077121540.0,-0.06741650928234849,0.7914402631112976
2010-02-12,2220.842,2284.386,2286.676,2201.802,6019506600.0,77695890921.0,0.018000048128470853,0.8945252527850499
2010-02-26,2282.09,2274.325,2291.783,2202.214,8524094400.0,115023870507.0,0.02465534330509998,0.8939803591507304
2010-03-05,2282.338,2267.939,2320.312,2258.962,8333911200.0,108115523425.0,-0.007199746452657352,0.9548623603577275
2010-03-12,2272.607,2274.532,2318.312,2265.195,7995924900.0,103723963981.0,9.101601574108129e-05,0.990392073667018
2010-03-19,2274.714,2310.546,2318.05,2232.953,7388861700.0,99950578755.0,0.01878666048778207,1.0157968732660683
2010-03-26,2314.442,2292.673,2330.671,2253.609,8780389300.0,105844035224.0,0.007975706650862516,1.0775027082957127
2010-04-02,2309.916,2379.194,2386.14,2306.283,12402787500.0,155635749701.0,0.029710726382422226,1.1836542537683448
2010-04-12,2391.253,2317.383,2403.816,2301.646,10163941200.0,134253781307.0,0.010777812623082332,1.173797355983855
2010-04-19,2316.994,2210.82,2374.558,2208.772,12443987300.0,165974711926.0,-0.07076934457635645,1.1511205652995868
2010-04-26,2214.309,2170.319,2239.291,2168.389,11558772900.0,143530024663.0,-0.06346124054590883,1.0660774360619625
2010-05-04,2165.936,2109.812,2165.936,2096.118,9637172400.0,111272515152.0,-0.04568802525759685,1.0921521850548856
2010-05-11,2078.193,1967.66,2110.783,1956.829,11631916600.0,139715341223.0,-0.09337751731427495,1.1438658887166466
2010-05-18,1956.506,1968.37,2044.825,1919.074,10708499300.0,121328379892.0,-0.06704009646357117,0.9777557810840054
2010-05-25,1952.915,1958.458,2017.324,1874.318,10570090700.0,112591083088.0,-0.0046766209609383725,0.9268345518559887
2010-06-01,1962.926,1911.432,2005.398,1895.906,8734740600.0,89197136768.0,-0.02892647215716551,0.8790206936508428
2010-06-08,1897.577,1845.13,1927.404,1829.442,7293677100.0,72397766617.0,-0.05786593330058647,0.8579191879055483
2010-06-18,1854.097,1870.871,1914.076,1829.547,7753532000.0,80893257194.0,-0.021220216047445017,0.8743054298476759
2010-06-25,1880.127,1915.91,1938.74,1873.694,7294348700.0,77233822705.0,0.03836044072775358,0.8941820265014696
2010-07-02,1915.296,1812.58,1931.51,1771.491,7618043900.0,68679126865.0,-0.031157145522059063,0.9122983838694019
2010-07-09,1795.477,1870.303,1883.432,1776.38,7246077900.0,67510199168.0,-0.023804354066735894,0.8922763647603293
2010-07-16,1868.421,1839.219,1897.632,1818.176,8002411700.0,80934763308.0,0.014696730627062046,0.900466650623386
2010-07-23,1822.443,1945.451,1956.417,1818.515,11014996900.0,107306935838.0,0.04017958587458818,0.9192196933139509
2010-07-30,1948.629,1986.76,2002.112,1929.796,12394746100.0,113500332903.0,0.08021937572415244,0.9271396065536018
2010-08-06,1984.124,1979.228,2022.545,1934.57,12775734100.0,113842295542.0,0.01736204098689715,0.9303829585113897
2010-08-13,1974.968,1930.671,1992.433,1902.625,11897327800.0,102870952133.0,-0.028231391813807377,0.937312822797343
2010-08-20,1926.391,1967.061,2005.296,1920.458,13285895000.0,130258883280.0,-0.006147346339077733,0.9449744967082258
2010-08-27,1963.312,1917.581,1982.467,1903.912,8385058300.0,78681254475.0,-0.00678002621886388,0.9225598679762269
2010-09-03,1926.115,1929.186,1949.933,1905.726,11239740900.0,114317661065.0,-0.01925461386301696,0.7994254635916473
2010-09-10,1938.539,1915.645,1983.507,1897.954,12687027900.0,131591604603.0,-0.0010096053308829831,0.7041043632942463
2010-09-17,1914.379,1857.31,1939.818,1845.073,11050179900.0,107578688318.0,-0.03725716442064165,0.6019750561999765
2010-09-29,1859.424,1868.749,1889.789,1844.157,8998019600.0,103743295403.0,-0.024480527446369218,0.5079170759602976
2010-10-13,1858.454,2125.614,2126.52,1856.816,23983789300.0,284152538556.0,0.14445838336088218,0.4591187982155594
2010-10-20,2152.865,2285.214,2321.691,2144.204,40206375800.0,435387137825.0,0.22285764433853872,0.22531098533964708
2010-10-27,2287.371,2225.371,2310.011,2206.865,23633302800.0,287425193847.0,0.04693091031579584,0.7666747138348925
2010-11-03,2216.275,2226.468,2265.399,2180.86,21798962100.0,263449365675.0,-0.025707001619979616,0.8446017128440516
2010-11-10,2230.844,2226.16,2308.039,2210.298,22452631800.0,271998630459.0,0.0003545476237444273,0.84816003828832
2010-11-17,2227.064,2013.607,2278.756,2001.385,23221537100.0,279791250543.0,-0.09560478749301579,0.8677641541805241
2010-11-24,2032.624,2014.155,2049.36,1957.081,13820154200.0,161994149949.0,-0.09523349624465442,0.865799771482946
2010-12-01,2024.247,1984.305,2042.016,1943.392,11168050300.0,128917764958.0,-0.014551995498625058,0.8515019633538202
2010-12-08,2016.156,2018.461,2056.063,1994.916,10588375400.0,128123148096.0,0.002137869230521008,0.8272994856902282
2010-12-15,2007.766,2054.017,2084.194,1985.176,14205048100.0,153566704522.0,0.035131695984236176,0.826337919167254
2010-12-22,2053.031,2021.976,2057.977,1969.98,11189508200.0,128555741051.0,0.0017414257694352776,0.8197396944584248
2010-12-29,2018.401,1953.334,2048.992,1936.268,11250047000.0,122030910958.0,-0.04901760793605884,0.8152057147513254
2011-01-06,1954.089,1984.278,2021.931,1925.231,13110844500.0,158862621823.0,-0.018644138209355645,0.805790309534425
2011-01-13,1983.235,2014.167,2035.88,1968.219,14088072300.0,152360638724.0,0.031143163432367355,0.8028179324607194
2011-01-20,2005.309,1895.004,2006.647,1894.384,10552526700.0,115655942096.0,-0.04499067166999791,0.7879577018707965
2011-01-27,1890.756,1949.372,1959.97,1890.756,12091201800.0,117488068454.0,-0.03216962645103402,0.7751625130560937
2011-02-10,1944.396,1975.98,1977.009,1929.875,10360433800.0,113296231863.0,0.04273130821887453,0.7812282474203107
2011-02-17,1972.445,2046.975,2070.944,1964.989,17794071800.0,204703289370.0,0.05006894528083908,0.7651586163377887
2011-02-24,2043.68,2002.832,2053.332,1981.186,13695295500.0,162528722267.0,0.013589206368485556,0.7061821047167456
2011-03-03,2003.398,2051.649,2083.238,1985.765,15541861500.0,192360709831.0,0.0022833693621074893,0.905807559831643
2011-03-10,2053.008,2071.724,2139.235,2049.735,16339902700.0,210496269935.0,0.03439729343249961,0.8435821424032304
2011-03-17,2061.773,2023.047,2075.384,1989.646,11973653900.0,151888418444.0,-0.01394098113273755,0.7911976497171473
2011-03-24,2043.246,2064.165,2080.627,2022.682,10563096800.0,130662888322.0,-0.003648652040522867,0.7664860081007707
2011-03-31,2067.456,2083.748,2130.06,2066.905,15952534800.0,188281365240.0,0.0300047403742968,0.5543036583542239
2011-04-11,2086.98,2175.964,2212.452,2085.861,18067890900.0,216336811950.0,0.05416185237129783,0.7225640302531948
2011-04-18,2167.72,2201.371,2214.838,2146.072,15903899500.0,177801547430.0,0.056447804628966675,0.8579914728074478
2011-04-25,2186.18,2127.462,2186.18,2122.877,12002929200.0,141248025617.0,-0.022289890825399665,0.8690122070293677
2011-05-03,2123.059,2114.417,2150.801,2084.646,10872509000.0,120749995971.0,-0.039499929816464455,0.8633797319417007
2011-05-10,2101.63,2057.666,2103.277,2021.985,8669236400.0,103711551902.0,-0.032807166473478644,0.8594976062020012
2011-05-17,2056.735,2033.78,2062.903,2009.564,7440237400.0,89775013329.0,-0.038136753535371666,0.8602805284189381
2011-05-24,2029.257,1995.273,2065.963,1986.335,7168632600.0,89760614265.0,-0.03032221944669361,0.8778494669162058
2011-05-31,1993.101,2010.564,2011.314,1968.301,6801100800.0,85389429820.0,-0.011415197317310572,0.8895418766020241
2011-06-08,2004.997,1980.672,2007.089,1943.97,7395871100.0,90602920490.0,-0.007317795609923999,0.8914437242054547
2011-06-15,1974.112,1952.076,1977.512,1924.937,7758455600.0,90792043921.0,-0.02909034479877291,0.9647953238521866
2011-06-22,1938.992,1923.562,1942.811,1896.982,7298843900.0,81864019965.0,-0.028833648377924324,0.979904634878481
2011-06-29,1916.967,1960.771,2009.965,1911.838,10596923600.0,118835459687.0,0.004454232314725418,0.9948457052004616
2011-07-06,1965.056,2017.172,2040.086,1965.056,11736185500.0,137318465724.0,0.048664924759378766,0.9850138720224965
2011-07-13,2030.038,1998.413,2038.118,1966.466,10273312300.0,118463892294.0,0.019197550351366912,0.9833911199097868
2011-07-20,2002.463,1983.668,2014.707,1974.371,9714869100.0,110147776882.0,-0.01660939176232871,0.9976510885027762
2011-07-27,1984.752,1918.787,1989.418,1899.2,8488782400.0,91328608929.0,-0.0398446167033541,0.9948405930833308
2011-08-03,1902.932,1893.003,1926.195,1874.556,7301223600.0,84058292874.0,-0.04570573301580706,0.9695680661555826
2011-08-10,1898.45,1814.667,1911.508,1741.099,10815429500.0,118942624412.0,-0.054263448730890985,0.9948759987665677
2011-08-17,1789.962,1858.303,1886.235,1789.234,8771482300.0,94308111908.0,-0.018330662973064394,0.7992903794351993
2011-08-24,1861.287,1806.79,1863.294,1782.973,6852830900.0,75302592489.0,-0.004340741304051902,0.7797280939026923
2011-08-31,1813.092,1841.539,1879.609,1811.358,9754847100.0,97866078798.0,-0.009021133797879098,0.7629800677871322
2011-09-07,1845.465,1813.864,1859.823,1770.371,6084496900.0,62091801710.0,0.003915230879072869,0.7408769012344353
2011-09-15,1820.113,1779.684,1827.474,1753.558,5602235700.0,56560464712.0,-0.033588753754332665,0.7177367464423914
2011-09-22,1790.308,1750.611,1814.55,1740.912,6932653000.0,68746092008.0,-0.03487196393996459,0.721398272112298
2011-09-29,1726.315,1689.538,1748.263,1679.202,7209152800.0,74067191927.0,-0.050652812521773505,0.7452187389850031
2011-10-13,1693.463,1746.935,1751.286,1657.346,9243598500.0,85082919123.0,-0.0020998382850331444,0.7768808722333661
2011-10-20,1741.886,1674.027,1770.261,1660.894,7028391800.0,66336391601.0,-0.009180616239468996,0.8096622752783253
2011-10-27,1675.782,1774.506,1784.972,1670.215,10003083400.0,93503379724.0,0.015782499062644083,0.8071603521183169
2011-11-03,1800.865,1819.042,1842.768,1767.073,11599245500.0,115573532163.0,0.08662644031428399,0.8085984483567136
2011-11-10,1837.834,1781.911,1843.95,1781.153,8505428800.0,83195061334.0,0.004172992370834459,0.8257567530827025
2011-11-17,1785.552,1748.447,1820.176,1746.771,6985539100.0,72172845233.0,-0.03880888951437077,0.8074385720874783
2011-11-24,1735.994,1704.691,1743.972,1685.902,5155125300.0,52963401237.0,-0.04333549767637106,0.7827937779561973
2011-12-01,1701.686,1713.048,1745.928,1657.631,6650762200.0,67287953871.0,-0.020245966849438322,0.7604037253983003
2011-12-08,1705.305,1701.68,1716.267,1681.592,5209005600.0,50847806926.0,-0.0017663025146492633,0.7763881597815319
2011-12-15,1690.053,1599.012,1702.817,1598.379,5036051500.0,47802371309.0,-0.0665690628633874,0.7146411447780804
2011-12-22,1598.07,1608.238,1646.732,1584.15,6536340900.0,57420806479.0,-0.05491161675520662,0.737460245124292
2011-12-29,1606.294,1596.587,1632.54,1571.513,5342901700.0,47352487509.0,-0.0015165614767118413,0.8698269415111067
2012-01-09,1602.316,1659.054,1659.582,1588.598,7952082400.0,69263625134.0,0.031597313332976856,0.8948564086682468
2012-01-16,1658.198,1661.994,1717.802,1655.304,9386335900.0,93445007609.0,0.04096676222467045,0.9024433641331125
2012-01-30,1664.485,1742.818,1779.0,1649.039,11052366300.0,111653525477.0,0.05048901361860427,0.9027639197251363
2012-02-06,1744.216,1764.818,1781.888,1709.536,7973019100.0,80655605146.0,0.06186785271186302,0.8242742169430315
2012-02-13,1753.384,1768.539,1800.034,1721.852,9773440300.0,96506296421.0,0.014758282276175714,0.8135447623040368
2012-02-20,1765.87,1769.412,1792.506,1747.83,7868917200.0,80599032169.0,0.0026031012829651843,0.8129855751688501
2012-02-27,1772.247,1828.408,1851.357,1756.41,12895606400.0,126996401941.0,0.03385223622436368,0.7787379532556835
2012-03-05,1826.898,1827.938,1850.252,1813.447,10796649100.0,110176919397.0,0.03307652485684514,0.8176619025414213
2012-03-12,1822.521,1796.937,1824.352,1774.508,9978027000.0,107047797039.0,-0.0172122414690813,0.7987167054320169
2012-03-19,1795.679,1778.981,1831.856,1754.057,12098535600.0,125002838540.0,-0.02678263704786492,0.8148012169171102
2012-03-26,1774.986,1749.888,1775.94,1741.002,8741288900.0,91612677357.0,-0.026182887880877283,0.8118383915381491
2012-04-05,1756.995,1735.283,1760.75,1681.971,8562230600.0,95184650098.0,-0.02456350011607774,0.7785396992789287
2012-04-12,1732.512,1770.947,1771.924,1702.949,7657065300.0,84277365329.0,0.012034484492721802,0.7664241573165148
2012-04-19,1771.304,1791.382,1797.408,1748.765,8085402000.0,86789521997.0,0.032328444409355804,0.7679872984919741
2012-04-26,1788.016,1822.206,1832.84,1784.257,10933292900.0,112027270162.0,0.028944400933511853,0.7687051246222756
2012-05-07,1823.366,1866.619,1877.425,1820.95,11270301200.0,133317960722.0,0.04199941720972961,0.773354407391972
2012-05-14,1865.858,1800.503,1866.441,1798.291,9759752400.0,114387766714.0,-0.01191028895745046,0.8146503675048642
2012-05-21,1790.717,1784.943,1805.69,1771.279,7777515300.0,90417380969.0,-0.0437561173437107,0.790237983448401
2012-05-28,1792.752,1800.913,1815.962,1763.692,7644841800.0,86821760802.0,0.00022771414432527014,0.6847108344645876
2012-06-04,1800.683,1760.955,1827.627,1760.069,8432672900.0,98425322118.0,-0.013439084609424534,0.5543913087184001
2012-06-11,1765.672,1756.031,1782.693,1736.083,7057557500.0,82681936127.0,-0.024921803551865115,0.46470115436087805
2012-06-18,1746.588,1776.244,1785.775,1734.806,6972144900.0,78090566340.0,0.008682220726821519,0.6275154439570227
2012-06-26,1774.267,1700.499,1775.846,1689.991,6128348400.0,64587019705.0,-0.031623587510698804,0.6387127907434023
2012-07-03,1698.859,1710.412,1723.068,1675.517,6028003600.0,66777257233.0,-0.03706247565086772,0.6283341831938406
2012-07-10,1715.338,1664.424,1721.18,1661.287,6929770400.0,72792781629.0,-0.02121436119633122,0.71733739134509
2012-07-17,1661.143,1669.706,1698.389,1651.252,6703792500.0,72038216735.0,-0.023798944347911574,0.7880173350202395
2012-07-24,1669.778,1632.952,1687.454,1620.931,6233017300.0,63320481216.0,-0.018908643470654102,0.8602905817702712
2012-07-31,1628.635,1631.885,1645.333,1622.553,5628612500.0,53431017855.0,-0.022651293101899325,0.874353683258013
2012-08-07,1633.384,1657.911,1662.493,1627.549,6106934300.0,62355679269.0,0.015284588891773953,0.9294265971036422
2012-08-14,1659.47,1633.143,1675.52,1616.375,6482138800.0,72529663375.0,0.0007708876544609689,0.9724143469253798
2012-08-21,1628.572,1598.5,1630.415,1582.714,4714278800.0,46822390864.0,-0.035834854826344756,0.9854566238797479
2012-08-28,1600.108,1570.44,1602.501,1555.441,6131270400.0,57736676429.0,-0.038394065920742994,0.998259611344214
2012-09-04,1565.278,1548.042,1569.71,1542.238,6436547300.0,59180850278.0,-0.03156584297779173,1.0075479036874089
2012-09-11,1544.47,1605.073,1634.693,1531.106,10280005500.0,92033524820.0,0.02205305519472252,1.0375706775740667
2012-09-18,1615.133,1564.982,1625.996,1560.71,7659194700.0,73914285219.0,0.010942855555598657,0.9469355722177663
2012-09-25,1565.236,1553.701,1571.683,1528.579,6606505000.0,61621989355.0,-0.03200602090995242,0.912428113201168
2012-10-09,1551.426,1627.657,1635.461,1536.957,8194179900.0,74999017116.0,0.04004838394307408,0.9493204374598408
2012-10-16,1623.283,1614.138,1636.412,1603.275,5753872600.0,53294195365.0,0.03889873276775898,0.8885849244936408
2012-10-23,1619.622,1625.81,1648.079,1603.346,6313290400.0,58467008856.0,-0.001134759964783723,0.8405763353262715
2012-10-30,1619.95,1576.321,1632.42,1566.95,6283294800.0,54330427315.0,-0.023428603997923354,0.8207272386066727
2012-11-06,1578.468,1619.739,1634.794,1573.187,7757110200.0,68124145807.0,-0.0037341386754909324,0.7655868519696235
2012-11-13,1617.211,1575.259,1626.208,1571.627,6423770000.0,54630985848.0,-0.0006737206444625798,0.6538801023326624
2012-11-20,1575.834,1540.488,1585.691,1533.513,5077679900.0,46928225310.0,-0.048928253255617095,0.5986949218957069
2012-11-27,1539.892,1552.92,1574.484,1534.321,4890618900.0,44334518128.0,-0.014181160050505943,0.538466930306583
2012-12-04,1547.246,1545.954,1557.652,1528.28,6516545300.0,55465804268.0,0.003548226276348725,0.5090186199475212
2012-12-11,1544.57,1645.009,1659.269,1543.262,13673208500.0,119073490389.0,0.0593005434922597,0.4967408161725663
2012-12-18,1645.627,1744.854,1768.368,1634.634,15727193000.0,140135393123.0,0.12865842062571078,0.39614633835409424
2012-12-25,1740.277,1798.882,1808.343,1725.852,13166052300.0,132207110334.0,0.0935393058639801,0.7153425048650004
2013-01-04,1796.605,1870.5,1899.88,1785.863,14885012200.0,148939772570.0,0.07200946325595148,0.899057169966055
2013-01-11,1865.058,1818.984,1892.13,1810.836,13054733200.0,138129428356.0,0.011174718519613772,1.0620998294526205
2013-01-18,1811.315,1886.794,1907.652,1811.066,14909608600.0,158498803259.0,0.008711039828922799,1.0473455112349104
2013-01-25,1890.85,1886.454,1961.979,1871.67,16959987300.0,166586530437.0,0.03709213495006005,1.0551890317659922
2013-02-01,1890.885,2055.724,2058.052,1890.885,20410969800.0,213535217517.0,0.08953282658308223,1.0778213055525547
2013-02-08,2068.022,2042.422,2088.446,2014.752,21866981800.0,227667651610.0,0.08267787075645633,1.1337805952925013
2013-02-22,2051.922,1883.475,2055.411,1876.324,16413417700.0,171622283251.0,-0.08378994456454282,1.0726036389054867
2013-03-01,1893.442,1944.423,1963.597,1863.011,15991712400.0,168060287054.0,-0.047981758911723446,1.1155533162864624
2013-03-08,1904.43,1901.481,1943.926,1828.549,18084081800.0,190474620574.0,0.009559988850396255,1.1064670584221155
2013-03-15,1895.046,1841.32,1900.357,1815.366,12875473000.0,131746647131.0,-0.05302498478983229,1.1026859415617782
2013-03-22,1829.393,1904.462,1913.266,1805.557,13525206400.0,140766234491.0,0.0015677253677528172,1.0941804123195178
2013-03-29,1913.791,1793.194,1927.371,1774.924,14674710500.0,141908311593.0,-0.02613668455238632,1.0882575809015975
2013-04-09,1781.793,1788.633,1805.739,1747.66,9788301000.0,95184991102.0,-0.060819801077679654,1.0722278347253131
2013-04-16,1787.74,1772.643,1808.285,1739.218,8757638000.0,85034851122.0,-0.011460555857313783,1.0464348264915269
2013-04-23,1769.811,1760.677,1836.611,1740.26,11195506600.0,115239759094.0,-0.015629813382622443,1.0021413397069572
2013-05-03,1764.029,1795.489,1821.379,1745.571,10217884400.0,98448132313.0,0.012888099859926677,0.9103384561210022
2013-05-10,1804.889,1819.117,1842.126,1794.421,9829006500.0,100744756901.0,0.03319177793541919,0.906571289666721
2013-05-17,1819.556,1843.809,1849.875,1770.406,10007543000.0,103741645414.0,0.02691188862755491,0.9603690771518598
2013-05-24,1848.324,1829.141,1877.27,1814.569,10524038800.0,110568102792.0,0.005510365743379955,0.9507134303920873
2013-05-31,1825.225,1841.366,1882.751,1821.157,11258167300.0,112626007879.0,-0.0013249745499669347,0.9524049763771958
2013-06-07,1840.4,1760.224,1854.38,1755.599,8426186600.0,84978139629.0,-0.037677248500799086,0.9416142936364967
2013-06-19,1733.142,1687.613,1733.142,1668.07,8818038300.0,85763900336.0,-0.08349942379733302,0.9384771670030916
2013-06-26,1677.931,1509.682,1677.931,1422.984,14216502000.0,120054032244.0,-0.14233529368989398,0.9920404584781755
2013-07-03,1511.491,1522.911,1562.387,1497.437,12333021300.0,97705680721.0,-0.09759464995825465,0.624459141790281
2013-07-10,1511.516,1546.743,1556.592,1497.505,10272584000.0,88487195038.0,0.024548878505539527,0.6882515289546185
2013-07-17,1555.283,1582.141,1653.587,1555.283,15954958300.0,143540511380.0,0.03889262077692,0.7372843409084577
2013-07-24,1575.667,1532.353,1583.305,1485.06,11333390400.0,95802009067.0,-0.009303420154479363,0.7356845137030068
2013-07-31,1537.73,1504.167,1548.197,1478.196,8546533800.0,72562851859.0,-0.04928385017517412,0.7489328923686903
2013-08-07,1513.802,1551.155,1575.692,1508.805,9458819900.0,86070905837.0,0.012270018722839912,0.7775966685929697
2013-08-14,1548.412,1610.218,1643.0,1533.222,12366368700.0,119218197493.0,0.07050480432026508,0.7820979011577228
2013-08-21,1608.621,1588.081,1711.432,1573.72,14480617700.0,130841450276.0,0.02380548687913196,0.7633639693688442
2013-08-28,1582.332,1592.869,1609.064,1542.997,10905887100.0,103201660645.0,-0.01077431751477139,0.7534384727818556
2013-09-04,1604.276,1613.537,1620.151,1575.77,11628637900.0,113735695924.0,0.016029409079259895,0.7603932815253098
2013-09-11,1615.527,1741.318,1765.943,1604.205,22453007900.0,204521819364.0,0.09319598786843117,0.7478121959359659
2013-09-18,1741.495,1700.587,1798.962,1680.677,21691519200.0,208603532866.0,0.053949800965208704,0.7220182908832551
2013-09-27,1707.898,1639.152,1716.091,1624.875,13682415100.0,128751885902.0,-0.058671649865217,0.7330395648246779
2013-10-11,1648.149,1669.268,1673.041,1622.593,12308328000.0,109375960870.0,-0.018416582039025325,0.713185010851427
2013-10-18,1670.728,1636.8,1671.514,1625.474,11568212000.0,104026828139.0,-0.0014348882836979664,0.6676877012531772
2013-10-25,1640.284,1611.519,1669.999,1601.659,11767983100.0,105595928884.0,-0.034595403494226226,0.5754152380127374
2013-11-01,1614.678,1644.752,1655.928,1600.804,12693604500.0,111878483332.0,0.004858260019550341,0.426592906276237
2013-11-08,1654.106,1587.44,1659.757,1585.621,8762915800.0,80545867300.0,-0.014941803354474847,0.3870290595353938
2013-11-15,1587.587,1604.823,1622.848,1559.566,9868718000.0,90685816712.0,-0.02427660826677813,0.8579939890424751
2013-11-22,1618.164,1642.496,1676.868,1610.045,15076813600.0,152276479062.0,0.034682255707302344,0.8252337346922699
2013-11-29,1633.841,1661.409,1680.819,1627.893,11163549000.0,106191206679.0,0.03525996324828346,0.7609127743227413
2013-12-06,1662.389,1675.255,1709.575,1655.0,15650456900.0,148454346029.0,0.01994464522288031,0.7378897966765682
2013-12-13,1681.206,1626.41,1687.529,1614.966,9644433000.0,90270688425.0,-0.021065854344113955,0.7207344314347486
2013-12-20,1627.099,1537.413,1631.088,1534.104,9212807800.0,86646132708.0,-0.08228120495088813,0.6172783927057471
2013-12-27,1541.366,1550.221,1559.817,1522.589,8082042400.0,72518968602.0,-0.046844891509521015,0.5000964266073082
2014-01-06,1557.509,1512.93,1578.245,1498.6,10403517700.0,92309392468.0,-0.01592480354985937,0.7014245617183421
2014-01-13,1500.978,1494.613,1527.887,1489.23,8358106000.0,73822387198.0,-0.0358710145198652,0.8190147299725368
2014-01-20,1493.889,1464.842,1505.457,1459.446,8060534800.0,68262914802.0,-0.03178468270177732,0.9091393678731268
2014-01-27,1467.15,1478.865,1514.967,1467.15,9226633000.0,81021484681.0,-0.010536506774663439,0.975339726728096
2014-02-10,1483.409,1505.834,1507.356,1458.492,8060562500.0,71374510695.0,0.027983905431438996,1.0521091934157127
2014-02-17,1505.66,1538.105,1549.905,1500.845,14142934700.0,117776405884.0,0.040057746988399895,1.0090217970296314
2014-02-24,1535.887,1468.06,1556.424,1458.167,14618518900.0,118789601996.0,-0.025085102341958085,0.9979361080594851
2014-03-03,1469.257,1462.686,1475.97,1429.611,13767252400.0,110956551162.0,-0.049033713563118315,0.9401687906846943
2014-03-10,1458.675,1408.873,1472.075,1407.494,12059866400.0,96779420525.0,-0.0403164720787978,0.981179391567489
2014-03-17,1406.066,1434.157,1451.294,1403.279,10275188400.0,78183284375.0,-0.019504527971143496,0.9716169769581275
2014-03-24,1437.54,1477.532,1486.85,1402.182,13993105700.0,108607938450.0,0.048733278301166874,0.9926161288499635
2014-03-31,1473.182,1465.783,1486.373,1450.453,11694267200.0,94086739457.0,0.022051978967435208,0.953593589143372
2014-04-08,1463.707,1534.747,1543.411,1461.177,12527712400.0,104984612746.0,0.03872335759902334,0.959275957015554
2014-04-15,1535.214,1523.22,1587.622,1520.996,15564304500.0,145827737607.0,0.03918519999208623,0.9332847180484205
2014-04-22,1519.241,1509.547,1536.925,1487.774,9423287500.0,80829568022.0,-0.016419644410446833,0.9367841167504743
2014-04-29,1504.536,1496.009,1523.25,1478.51,9693198000.0,81840703751.0,-0.017864129935268716,0.9270789845857653
2014-05-08,1499.12,1478.717,1500.349,1471.648,8916098000.0,70658379973.0,-0.020423345546710322,0.8127094400713455
2014-05-15,1482.323,1488.771,1513.124,1474.517,9511421800.0,75456898993.0,-0.00483820618726228,0.6725102297065643
2014-05-22,1489.503,1471.552,1493.192,1447.936,6908638100.0,56390091168.0,-0.004845416668639226,0.673602724928514
2014-05-29,1472.409,1484.307,1497.678,1471.23,6634009300.0,54229646477.0,-0.0029984463695222046,0.6266199098170075
2014-06-06,1485.102,1472.268,1491.042,1459.528,6508247300.0,56420521180.0,0.0004865611272996958,0.6033291665054253
2014-06-13,1466.639,1502.961,1509.021,1466.149,8139213200.0,67014697635.0,0.012567480986076327,0.5903301223033497
2014-06-20,1503.662,1484.479,1521.963,1473.667,8634746000.0,67271495948.0,0.008294006254296101,0.586159029420147
2014-06-27,1483.656,1473.756,1489.313,1466.396,6679065300.0,55033421300.0,-0.019431641938812735,0.5872502523164532
2014-07-04,1475.719,1492.463,1495.039,1475.719,8152167300.0,64642673712.0,0.005378317914904774,0.5206634474697011
2014-07-11,1493.068,1468.541,1497.718,1460.906,8321426200.0,67110582577.0,-0.0035385776207188606,0.5482569189139918
2014-07-18,1468.692,1478.755,1490.191,1464.753,10333092600.0,78411570415.0,-0.009184817312053872,0.5256312846441179
2014-07-25,1478.725,1557.015,1557.578,1474.799,14569696300.0,120998485065.0,0.060246189925919784,0.5199659798156373
2014-08-01,1566.329,1607.974,1639.319,1566.329,23681991100.0,190903920520.0,0.08738364367322499,0.3985659441867199
2014-08-08,1614.901,1595.662,1646.317,1586.092,17456236900.0,145331046489.0,0.024821212383952584,1.0716011764604272
2014-08-15,1601.305,1612.004,1621.713,1593.222,13818517500.0,117994868135.0,0.002506259429567874,1.0707865193233805
2014-08-22,1614.225,1594.183,1623.901,1576.318,13003087400.0,110191582599.0,-0.0009268880251582364,1.0280384637088362
2014-08-29,1594.706,1581.284,1595.44,1563.402,10934514100.0,88620289557.0,-0.019057024672395232,1.0214116143865892
2014-09-05,1582.023,1656.237,1657.605,1576.219,16979390200.0,144595258415.0,0.038925267676295686,1.001297069364246
2014-09-15,1657.61,1624.068,1660.007,1614.228,15928167300.0,138455776587.0,0.02705649333073621,1.0510326860921064
2014-09-22,1626.389,1583.886,1629.686,1580.973,17419229800.0,138802970804.0,-0.04368396551942754,1.0348993505459028
2014-09-29,1584.289,1621.816,1636.22,1584.158,17226484000.0,141712480206.0,-0.0013866414460477964,1.03416899070999
2014-10-13,1623.041,1605.986,1639.167,1593.656,18323656400.0,149905757677.0,0.013953024396957949,1.0454137302895048
2014-10-20,1603.347,1612.402,1629.092,1592.698,18921129300.0,149790487912.0,-0.0058046042214406485,1.0276044396577941
2014-10-27,1612.095,1559.906,1615.288,1556.545,14523979100.0,119119486383.0,-0.02869265360968287,0.9976629594301701
2014-11-03,1562.748,1651.052,1665.465,1562.748,25990262400.0,205140766399.0,0.02397044905674879,0.9950233773363729
2014-11-10,1648.112,1689.024,1689.054,1625.986,30325201300.0,240564765884.0,0.08277293631795758,0.9741789660243988
2014-11-17,1701.224,1708.096,1758.991,1693.245,39915153300.0,344397444933.0,0.03455009291045957,0.9416908489437247
2014-11-24,1709.136,1758.096,1772.891,1662.723,29197653400.0,263842827078.0,0.04089462316698882,0.9296343839908523
2014-12-01,1757.676,1920.38,1968.907,1752.383,59350826300.0,551821934524.0,0.12428107085316054,0.9448810671956386
2014-12-08,1910.374,2298.849,2317.555,1909.369,94162387300.0,990429254050.0,0.30757876702978687,1.1955120924049147
2014-12-15,2283.161,2201.536,2402.133,2111.882,82555877500.0,984404859070.0,0.1464064403920057,1.8534574441115355
2014-12-22,2205.882,2426.684,2479.108,2195.504,89475411600.0,1074746032067.0,0.05560826309166023,1.5355732777238307
2014-12-29,2392.614,2481.663,2557.381,2238.654,71747776100.0,901999697489.0,0.12724161676211515,1.4311897598783916
2015-01-07,2481.084,2635.231,2691.489,2464.429,78832309100.0,1017396600603.0,0.08593908395159815,1.4042249845345227
2015-01-14,2647.817,2534.23,2692.607,2499.869,55496240100.0,763787252797.0,0.021182166958205045,1.2810148386542801
2015-01-21,2534.766,2542.318,2685.306,2355.258,67331503000.0,905063455384.0,-0.03525800963938266,1.2072899238771517
2015-01-28,2546.701,2486.285,2612.931,2473.808,53713885000.0,715386540638.0,-0.018918961578073087,1.2223762528347455
2015-02-04,2444.395,2372.455,2471.228,2329.151,40247902500.0,515168031895.0,-0.06681422229634541,1.1662013898555446
2015-02-11,2456.384,2415.128,2456.569,2303.112,38094876100.0,497802649948.0,-0.028619808268159002,1.1371256142488806
2015-02-25,2415.139,2407.457,2464.524,2384.493,33106191000.0,413197454607.0,0.014753493743822309,1.1137919801606262
2015-03-04,2401.138,2397.993,2498.716,2378.927,42398153000.0,536935836990.0,-0.007094862052860228,1.0663073094377213
2015-03-11,2379.732,2408.503,2444.655,2321.265,39728299700.0,487477881450.0,0.00043448335733526147,1.0263705830072851
2015-03-18,2444.415,2649.642,2649.816,2423.431,61316709700.0,768768874597.0,0.10494150733550928,0.9840127198771659
2015-03-25,2649.002,2649.161,2724.644,2613.765,71533077500.0,957833972009.0,0.09992015787399887,0.9561433684061217
2015-04-01,2637.527,2799.451,2860.24,2621.451,73581099800.0,964407899734.0,0.056539336257502036,0.8720663927008634
2015-04-09,2821.214,2931.772,3021.85,2746.302,75191174700.0,1087440076699.0,0.10667943548919823,0.8156051737886668
2015-04-16,2925.926,3183.302,3183.583,2911.463,82384938600.0,1138840608775.0,0.1371165274905687,0.7481176437325252
2015-04-23,3251.977,3273.398,3313.81,3135.218,103693975500.0,1575177962757.0,0.11652543240060967,0.7503754708655497
2015-04-30,3226.384,3250.49,3370.025,3161.972,94440033400.0,1439210699395.0,0.02110638575918956,0.8928798738219456
2015-05-08,3250.125,3110.455,3273.149,3045.01,66458896600.0,1038774592812.0,-0.049777937177208575,0.9459788138530373
2015-05-15,3112.241,3060.411,3200.184,3044.854,59721711800.0,883373102224.0,-0.05847702961707304,0.9851084138770076
2015-05-22,3032.708,3248.855,3249.516,2996.716,56758257100.0,880384601634.0,0.04449509798405703,1.0135076567692245
2015-05-29,3263.96,3111.334,3404.756,3036.957,76599054300.0,1211579398513.0,0.016639268385847446,1.030805108609265
2015-06-05,3114.793,3303.988,3365.59,3082.163,77684447000.0,1116986768434.0,0.016969978654018048,1.055901999735318
2015-06-12,3333.833,3350.248,3494.8225,3308.296,90733339700.0,1389203270193.0,0.07678828438219755,1.112543547053419
2015-06-19,3359.707,2903.057,3366.839,2900.791,75199298600.0,1030573148346.0,-0.12134759569344684,1.084578616895259
2015-06-29,2907.075,2678.368,3082.558,2530.83,83273635100.0,1101570652863.0,-0.20054634761366924,1.0673631840257471
2015-07-06,2678.634,2749.998,2872.907,2511.165,112779195100.0,1335060169971.0,-0.052723387794314666,0.9395651404058551
2015-07-13,2682.501,2869.051,2997.597,2493.644,152854386500.0,1790847865845.0,0.07119372692624762,0.8671226074737599
2015-07-20,2821.971,2783.761,2843.248,2665.95,77666622200.0,924939305714.0,0.01227746347451886,0.7437024726613863
2015-07-27,2757.66,2493.29,2807.62,2491.119,59663715900.0,765950025562.0,-0.13097048466548694,0.663430257692842
2015-08-03,2427.028,2479.724,2548.27,2400.866,48316562000.0,571682898800.0,-0.10921806864885304,0.6266853809860283
2015-08-10,2476.158,2617.659,2626.358,2446.959,34391188600.0,428146988363.0,0.04988148189741271,0.6821569297450795
2015-08-17,2612.948,2550.467,2623.837,2522.352,38909291900.0,512394145755.0,0.028528578180474898,0.7168146854960897
2015-08-24,2554.076,2058.252,2572.213,2046.845,45396882100.0,498014843003.0,-0.2137050700645119,0.747789491619639
2015-08-31,1947.145,2210.447,2214.105,1874.216,59175975500.0,574831605744.0,-0.13331676120490873,0.7050611621421558
2015-09-09,2155.956,2211.2,2248.766,2084.03,54898723600.0,521512016542.0,0.07430965693219288,0.7700221623156813
2015-09-16,2183.606,2241.949,2277.583,2126.288,28555352200.0,301328476022.0,0.014251416116287769,0.8155484961946851
2015-09-23,2223.403,2178.546,2260.85,2174.92,20561701600.0,224306230980.0,-0.014767547033285094,0.848752821453218
2015-09-30,2190.31,2146.118,2198.492,2114.301,13184496500.0,138424436129.0,-0.04274450489284106,0.8945424376522535
2015-10-14,2231.025,2253.908,2308.189,2189.988,21361139700.0,231501936667.0,0.03459279721428884,0.9217140689311945
2015-10-21,2254.403,2340.36,2369.371,2252.33,30470666700.0,336303228916.0,0.09050853680925289,0.9054829748165176
2015-10-28,2306.067,2310.703,2381.713,2297.05,24388718400.0,280886563723.0,0.025198455305185517,0.8905622029887149
2015-11-04,2317.48,2370.503,2374.019,2265.673,18884755600.0,216504836516.0,0.01287964244817038,0.9238871175890216
2015-11-11,2368.608,2505.83,2592.194,2365.854,54109697800.0,660543785957.0,0.08444486374925723,0.7566755278678846
2015-11-18,2513.107,2439.447,2514.463,2407.943,28478344200.0,359570237568.0,0.029084122652449692,0.6929506194041399
2015-11-25,2444.878,2459.563,2485.415,2421.392,21769430200.0,258537735685.0,-0.01846374255236781,0.6211219557663501
2015-12-02,2468.519,2458.411,2481.39,2280.683,27706369800.0,307095197768.0,0.007773893017556824,0.5559126003060456
2015-12-09,2441.906,2369.738,2481.537,2356.93,22099122300.0,225075014800.0,-0.03652071526527284,0.4515677459743723
2015-12-16,2369.588,2376.535,2418.564,2316.902,17417399600.0,209581649327.0,-0.033304439330933765,0.36989071430113546
2015-12-23,2391.402,2503.059,2550.899,2386.088,29111119700.0,354498788515.0,0.056259805936352617,0.34606048569322573
2015-12-30,2498.768,2432.773,2505.703,2399.92,18214542500.0,221900145365.0,0.023663863566074257,0.3197137456565135
2016-01-07,2426.811,2180.589,2437.716,2171.315,16183993000.0,174755679070.0,-0.1288303631676282,0.2702955607631339
2016-01-14,2225.475,2132.076,2257.41,2052.296,20380971900.0,207283033369.0,-0.1236025720443297,0.5434181970805007
2016-01-21,2119.562,2040.9775,2135.3621,2039.0509,17224554600.0,168230864751.0,-0.0640246740674194,0.6889753792733054
2016-01-28,2062.6257,1912.7205,2074.8954,1900.3515,15557692400.0,141332254138.0,-0.10288352760408172,0.7578106258906236
2016-02-04,1915.1266,1974.2364,1986.7205,1914.3957,13872496200.0,123611613313.0,-0.03270055647355248,0.7870025866736068
2016-02-18,1970.6883,2009.2727,2034.161,1914.4938,13526847200.0,123414417035.0,0.05047899052684388,0.86454157871924
2016-02-25,2005.4131,1932.6015,2064.6095,1925.1951,15626324500.0,141291149675.0,-0.02108911577154591,0.8859717516271506
2016-03-03,1946.961,2053.2726,2057.1633,1891.0975,19151967900.0,174126384756.0,0.02189842125461606,0.8985531004746713
2016-03-10,2045.1154,2061.451,2133.5566,2037.2938,22397148400.0,207072236206.0,0.0666715305767899,0.9003094862875864
2016-03-17,2043.2499,2131.4813,2156.8913,2039.5853,19266468800.0,188991519570.0,0.03808977921392422,0.9207058985275838
2016-03-24,2140.2671,2137.59,2214.6429,2131.3827,26018112500.0,275027005156.0,0.03693466398182645,0.9309152382656977
2016-03-31,2137.154,2156.541,2171.7926,2100.9189,14225722500.0,147161970875.0,0.01175694105315409,0.9054887253541666
2016-04-08,2156.7757,2123.8041,2186.917,2114.2648,15078388800.0,145539271724.0,-0.006449272311341422,0.9056513205272188
2016-04-15,2140.5643,2182.0667,2197.7434,2135.2886,14941688600.0,154881296616.0,0.011836408396594215,0.9348655657684636
2016-04-22,2166.0031,2157.7235,2173.0863,2093.8183,14119434600.0,147079275902.0,0.015971058724295818,0.9004759841523596
2016-04-29,2149.2499,2135.5087,2163.2401,2130.3027,8042780600.0,86485441676.0,-0.02133665299965395,0.8810034304519799
2016-05-09,2136.1977,2072.467,2167.7261,2064.6856,10668408800.0,108509972014.0,-0.03951224519731094,0.8508489637589172
2016-05-16,2061.9885,2082.6159,2089.8352,2055.511,8201902200.0,81105057717.0,-0.024768243744453057,0.7474108047126172
2016-05-23,2081.5694,2082.4118,2095.1694,2053.7159,8030746400.0,77618575663.0,0.0047985323771137295,0.5661524135082271
2016-05-30,2080.0141,2092.1606,2093.774,2062.1696,6580782900.0,61078384679.0,0.004583034250338901,0.4579606603942164
2016-06-06,2092.2161,2136.3228,2158.7152,2092.2161,11666672100.0,120455921063.0,0.02588873151794475,0.49639823673297057
2016-06-15,2141.6519,2106.6312,2145.7143,2073.0979,8640790200.0,87628418898.0,0.006916581834109508,0.49925313504906416
2016-06-22,2095.3615,2115.7685,2130.8995,2091.4898,7915474100.0,76627478755.0,-0.009621345613125406,0.5545674142512356
2016-06-29,2114.7744,2122.9696,2124.2929,2052.9842,10142257400.0,98832957598.0,0.007755700190901993,0.4603964223198941
2016-07-06,2123.8665,2167.101,2174.424,2120.4075,12419552900.0,121857624807.0,0.02426186985958056,0.39814058501095806
2016-07-13,2161.3586,2197.7879,2222.2524,2147.14,15847927400.0,158078246962.0,0.03524228514624039,0.37517486669138783
2016-07-20,2195.338,2167.12,2205.7954,2163.11,11163601100.0,109516895935.0,8.767473227956649e-06,0.5309188265332021
2016-07-27,2168.4763,2173.97,2186.08,2125.27,10730494500.0,107365080141.0,-0.010837215001502197,0.5739547187917146
2016-08-03,2160.16,2145.7877,2173.08,2136.1129,9264455300.0,86838583060.0,-0.009843617335449828,0.7698685224679178
2016-08-10,2145.658,2170.1028,2179.6115,2130.1747,8811160100.0,83455865498.0,-0.0017788653937265394,0.692618274349964
2016-08-17,2168.1332,2253.7364,2310.2774,2168.1332,21685878600.0,223768253296.0,0.05030726012643279,0.693823040698923
2016-08-24,2253.1171,2232.2134,2274.4547,2227.5559,13011989100.0,131220597568.0,0.028621040441033474,0.8328070046107795
2016-08-31,2224.5128,2232.7117,2237.6591,2205.0109,9490432500.0,97158296249.0,-0.009328819466198417,0.8055179710641297
2016-09-07,2230.3628,2236.5455,2246.3722,2215.6443,10060014100.0,101878809393.0,0.0019407194670545756,0.7767432903206961
2016-09-14,2234.9461,2176.523,2241.6101,2172.3966,9926814200.0,98071559976.0,-0.02516612422463666,0.7598031076606014
2016-09-23,2178.7597,2196.2903,2210.7925,2178.7597,6473074700.0,63442650439.0,-0.01799882899766629,0.8474828285564537
2016-09-30,2190.3899,2177.3524,2190.3899,2162.4355,5992794900.0,59113053445.0,0.00038106649918244733,0.7803591703082904
2016-10-14,2187.6518,2209.8145,2212.429,2185.4675,9820772300.0,86186842207.0,0.006157746997288945,0.7056554456981381
2016-10-21,2207.3532,2240.7496,2246.5789,2189.2717,13981329400.0,121259047795.0,0.029116646437205056,0.6001641524439548
2016-10-28,2245.4581,2253.8017,2285.0836,2243.6342,16084506600.0,154088738689.0,0.019905381198286113,0.608027496306986
2016-11-04,2247.9901,2271.9263,2284.9537,2236.2027,14119620400.0,139430444172.0,0.013913513584918182,0.6315415280643446
2016-11-11,2271.9644,2308.4288,2315.9608,2244.4325,18742960800.0,183410081952.0,0.024237757918099075,0.5989453704877639
2016-11-18,2304.607,2307.2741,2338.5803,2297.7364,19869343900.0,189518088652.0,0.01555851525641479,0.6088852838016683
2016-11-25,2304.7681,2393.9464,2394.7076,2304.7681,25905120900.0,245553244269.0,0.037045803621926596,0.644969151349338
2016-12-02,2406.7025,2416.5077,2455.4294,2395.8125,39079676100.0,399020392431.0,0.047343139681583574,0.8195336033591658
2016-12-09,2378.2099,2411.3144,2422.7765,2358.8712,25884964100.0,244534569659.0,0.00725496610951707,0.8936789607028495
2016-12-16,2408.0861,2302.3152,2423.3928,2298.4339,23173980900.0,229385658718.0,-0.047255177378495467,0.9296866835394285
2016-12-23,2299.7136,2278.4779,2304.6006,2262.8781,15673588300.0,150047529488.0,-0.05508883453771119,0.9321288338497239
2016-12-30,2266.3837,2286.8984,2300.1599,2251.713,12730397700.0,125957330432.0,-0.006696216052432771,0.9041779354604167
2017-01-09,2285.2729,2318.3365,2326.4342,2285.2729,13151023300.0,132380615049.0,0.017493520564759495,1.0866248021659928
2017-01-16,2316.1574,2337.3944,2343.2727,2282.2431,15995870300.0,153869804118.0,0.022080561165288365,1.0736364603445034
2017-01-23,2326.0089,2347.1047,2358.4726,2320.0333,9738268400.0,100816856037.0,0.01240898376918104,1.0658360698417388
2017-02-06,2347.5024,2343.9673,2371.9263,2336.8989,9095249500.0,94729240171.0,0.0028120628679523074,1.0309565952590263
2017-02-13,2343.6583,2379.3057,2382.9209,2323.9054,14650226300.0,155647185938.0,0.013719456145266986,1.0332959198437859
2017-02-20,2381.1007,2394.1201,2395.5341,2360.9953,16858680600.0,172577833131.0,0.021396544226534347,1.0101364279237894
2017-02-27,2396.2244,2370.56,2410.3454,2365.47,13004915600.0,138686502744.0,-0.0036757361611834674,0.9164254179990512
2017-03-06,2369.4712,2349.8889,2383.513,2338.8455,10931491900.0,114347458986.0,-0.01847492947408953,0.8332982379156895
2017-03-13,2349.6213,2354.8904,2362.9632,2328.6186,11386467000.0,116277188567.0,-0.006610083693304417,0.7850884852511217
2017-03-20,2353.719,2350.0671,2376.5131,2337.5269,12827472500.0,135534423985.0,7.583337237785502e-05,0.7220942713506818
2017-03-27,2352.2124,2364.4277,2381.7653,2330.1158,16410438300.0,192533373896.0,0.0040499974011529195,0.6479225052951331
2017-04-05,2368.1547,2384.2636,2384.6804,2335.2305,15452583800.0,163272111375.0,0.014551286641985675,0.6474115008685054
2017-04-12,2384.4322,2378.8628,2395.121,2354.0188,17967280100.0,198111905600.0,0.006105113723714069,0.6301745002036941
2017-04-19,2369.6067,2325.0424,2373.3697,2311.659,12516137000.0,139757254130.0,-0.024838360993306444,0.685368712650392
2017-04-26,2324.3661,2344.5049,2360.2819,2320.9971,13059700900.0,152765996029.0,-0.014442993517743004,0.5775750352858353
2017-05-04,2337.4558,2325.4332,2352.6806,2317.1372,10630117500.0,121627395958.0,0.00016808295625065874,0.5221916808414773
2017-05-11,2318.9217,2339.2903,2342.1845,2297.4492,13247287900.0,153362083714.0,-0.0022241796125057325,0.8437696174272018
2017-05-18,2336.6071,2354.753,2394.5172,2335.3745,11419069700.0,133652983321.0,0.012608317452421431,0.8037070425995607
2017-05-25,2351.5202,2473.4953,2476.9092,2351.5202,14484302200.0,170746798937.0,0.05736996387323109,0.7215638034385453
2017-06-05,2467.9024,2450.3457,2502.8461,2442.2693,14403441200.0,168807304803.0,0.040595637843969065,0.5480344098510098
2017-06-12,2447.0401,2521.1681,2545.0373,2444.1931,12617076800.0,159445855325.0,0.019273454855564035,0.8346906557303243
2017-06-19,2517.3334,2484.1159,2519.1482,2448.3106,9714362200.0,133062095819.0,0.013781810460458675,1.0548014746662737
2017-06-26,2489.1996,2543.3213,2560.1065,2467.7656,15099001300.0,196427803809.0,0.008786879383409697,1.0726876370904905
2017-07-03,2541.6862,2534.3675,2560.8558,2522.7441,11191544900.0,145117530411.0,0.020229168856412884,1.141646713208031
2017-07-10,2531.5259,2550.1147,2561.6364,2506.6818,11420461300.0,158470394464.0,0.0026710742366684143,1.0191786886776595
2017-07-17,2543.72,2631.4144,2663.2835,2543.0489,20842963100.0,243945959004.0,0.038292354995871865,1.005057283801417
2017-07-24,2619.2303,2654.3785,2666.6518,2596.1224,18847679800.0,239703319273.0,0.040885925640913215,1.0750911176532036
2017-07-31,2656.4773,2638.1244,2667.7864,2610.5758,15088502300.0,184245438828.0,0.0025499594438641196,1.0510493415297602
2017-08-07,2640.8671,2634.1759,2696.6417,2613.8249,16190411300.0,214980915519.0,-0.007611047181100819,1.0191274370650985
2017-08-14,2632.0435,2591.4536,2639.2415,2566.5727,13995171800.0,187305393558.0,-0.01769090191501217,1.0249502267855144
2017-08-21,2593.0719,2616.8248,2628.8017,2586.3352,10815859200.0,144234809296.0,-0.006586917752911001,1.0184859002193105
2017-08-28,2624.4106,2736.4617,2766.79,2620.1589,19974403600.0,242812233818.0,0.05595627874641476,0.9865784187005784
2017-09-04,2734.4459,2711.3475,2762.0668,2691.7754,19378690600.0,243393969682.0,0.03612114192742288,1.0175275566341557
2017-09-11,2712.7609,2674.75,2738.594,2673.62,14286422500.0,189817654775.0,-0.022551640317129175,0.9877037296216775
2017-09-18,2682.2494,2674.1759,2695.525,2659.7328,14835639900.0,198077642678.0,-0.01370964068604252,0.9469750341803788
2017-09-25,2680.7159,2680.6516,2690.3598,2660.5309,14554992100.0,183316692307.0,0.002206411814188296,0.8667250011956349
2017-10-09,2673.5445,2692.0769,2743.3643,2653.4645,12269765500.0,151717718121.0,0.006694024876972318,0.7812438156162944
2017-10-16,2693.251,2726.6423,2741.0971,2671.9426,12334539400.0,169731714238.0,0.017156537611974578,0.832643503915459
2017-10-23,2725.1997,2734.3683,2756.0354,2716.4042,11050295500.0,143693107641.0,0.015709580955878367,0.8018558970086281
2017-10-30,2732.9435,2809.1069,2822.5891,2730.8414,17429757200.0,225514002084.0,0.030244011104793703,0.7940836662634619
2017-11-06,2795.5379,2792.2237,2816.2952,2770.1248,18827644100.0,234341827162.0,0.021158598130324988,0.7992115166284467
2017-11-13,2794.1929,2873.5145,2885.7022,2792.7012,21949842900.0,282245518864.0,0.022928141324917183,0.7954030230580301
2017-11-20,2876.748,2941.1532,2942.1402,2839.461,21337598100.0,304279223868.0,0.053337237987056765,0.8150120565401665
2017-11-27,2928.9235,2917.306,3038.2756,2885.6037,30080889000.0,413164348558.0,0.015239700373880073,0.8551652383943843
2017-12-04,2900.0777,2861.3609,2914.0667,2823.9355,16020287000.0,232377882580.0,-0.02712959664936871,1.0551202553527732
2017-12-11,2852.8197,2899.1036,2922.3279,2828.2335,17328706000.0,246799759787.0,-0.006239455168569949,1.0611209745119916
2017-12-18,2897.6645,2829.0585,2900.2742,2815.8199,11860489000.0,168026077718.0,-0.011289173623641825,1.0588416766763862
2017-12-25,2829.549,2880.1,2915.61,2827.4384,12329983100.0,187199491599.0,-0.006554991687775492,1.0677284548707993
2018-01-02,2878.75,2908.73,2912.27,2829.54,17613124900.0,239061560915.0,0.02816184253524624,1.0791680263923176
2018-01-09,2914.28,2969.32,2972.43,2906.6,24031275100.0,333470013929.0,0.030978091038505698,1.040300084306952
2018-01-16,2968.34,3063.86,3070.94,2966.18,26753525600.0,360775880303.0,0.053332554069989345,1.14375036845463
2018-01-23,3071.5,3176.5,3177.76,3060.22,45288630900.0,566486551959.0,0.06977355084665844,1.142801777070102
2018-01-30,3189.77,3079.12,3202.47,3077.31,38585543800.0,483337750148.0,0.004980645329747365,1.140124709777966
2018-02-06,3063.23,3117.49,3181.59,3062.53,35095609000.0,456628229729.0,-0.0185770502124981,1.1283705556604948
2018-02-13,3147.32,2852.72,3166.7,2724.59,35265645200.0,432860450269.0,-0.07352750136402612,1.1078394102820752
2018-02-27,2859.87,2927.1,2986.81,2841.24,19927051800.0,239851703009.0,-0.061071567190271625,0.6250293410077731
2018-03-06,2899.0,2892.48,2907.27,2838.61,17846826400.0,214171368058.0,0.01393757536666768,0.5472457817482204
2018-03-13,2892.44,2883.38,2927.51,2865.55,18397786400.0,220854950964.0,-0.014936285060298522,0.47167209102264546
2018-03-20,2871.72,2904.4,2911.19,2856.17,13751081000.0,179927199917.0,0.004121031087509705,0.413450228259336
2018-03-27,2929.0,2747.59,2932.22,2709.57,20847169500.0,270658028639.0,-0.04709403547225824,0.3591388945581121
2018-04-03,2714.87,2697.27,2757.78,2657.49,17194620400.0,227314834416.0,-0.07131593444429145,0.30413282295744776
2018-04-12,2706.42,2749.7,2803.88,2688.83,15620930100.0,197305939877.0,0.0007679457269824364,0.4101783617847204
2018-04-19,2765.67,2682.55,2771.03,2623.97,14321410200.0,178403073226.0,-0.005457369859153811,0.45981222508543906
2018-04-26,2672.36,2666.02,2737.21,2632.75,13994061500.0,170089874480.0,-0.030432410808451774,0.5083407004039975
2018-05-07,2672.64,2683.85,2686.22,2613.53,12862667300.0,188611678229.0,0.00048461352071712627,0.5661367544696359
2018-05-14,2683.84,2753.54,2761.49,2682.79,12206884100.0,164545893185.0,0.03282796078048926,0.6315096755068751
2018-05-21,2760.2,2745.8,2761.72,2690.99,11177585700.0,144680984139.0,0.023082512062894824,0.6593083082873421
2018-05-28,2744.32,2673.2,2744.32,2650.34,10697482200.0,130381365563.0,-0.029176986715282925,0.6837049547332524
2018-06-04,2666.83,2694.58,2697.75,2604.91,12054533200.0,168896501712.0,-0.018653944205696063,0.7189439877656666
2018-06-11,2697.69,2660.41,2717.06,2633.08,11205478300.0,177454757339.0,-0.004784527906628746,0.7394441713104661
2018-06-19,2662.39,2599.78,2691.97,2571.69,14357987400.0,219745606390.0,-0.0351817351869307,0.7169233577905131
2018-06-26,2588.12,2506.72,2628.04,2470.15,11801525900.0,174175026912.0,-0.0577692911994768,0.6483683814619728
2018-07-03,2500.07,2388.98,2512.59,2331.84,12622845200.0,177002245500.0,-0.08108378401249343,0.5285671250729209
2018-07-10,2381.25,2471.23,2477.84,2349.48,11556197200.0,152643675550.0,-0.014157943448011658,0.7494428799539149
2018-07-17,2420.18,2430.44,2490.44,2409.31,10454698900.0,137302164401.0,0.017354686937521468,0.7598117852763384
2018-07-24,2437.38,2563.58,2579.59,2409.05,16116606900.0,205674313970.0,0.03737005458820098,0.7941500671401223
2018-07-31,2573.93,2545.12,2578.72,2515.55,11555062400.0,143928424993.0,0.04718487187505136,0.7779261044926834
2018-08-07,2557.61,2479.78,2570.31,2393.68,13399474200.0,169298781194.0,-0.03268866194930516,0.7907183532848617
2018-08-14,2476.4,2469.2,2518.11,2435.79,10960287700.0,135215048816.0,-0.029829634751996008,0.7407694482009105
2018-08-21,2467.25,2452.38,2467.45,2367.05,11324497700.0,144289188875.0,-0.011049367282581555,0.7498258281905904
2018-08-28,2461.4,2511.15,2530.5,2435.16,10545666300.0,138335729535.0,0.016989308277984883,0.7544695583981178
2018-09-04,2506.15,2500.44,2519.4,2445.87,10153977000.0,130994910496.0,0.01959728916399577,0.7469182446924609
2018-09-11,2488.9,2398.77,2493.47,2387.64,9670354300.0,123455245190.0,-0.04475240427692496,0.7377805876946226
2018-09-18,2389.28,2458.77,2459.77,2373.04,9128535400.0,121581466676.0,-0.016665066948217143,0.7531063126627257
2018-09-26,2455.44,2582.77,2610.59,2452.58,15170119500.0,187808415855.0,0.076705978480638,0.7541456347768065
2018-09-28,2582.12,2606.67,2618.83,2561.58,5173365400.0,66917936273.0,0.0601520272331288,0.7252230240396847
