date,r,open,high,low,close,volume,rsrs,turnover,money,circulating_cap,MA5,MA10,MA20,MA60,,, ,,,,,,,circulating_market_cap(าฺิช),turn_over(v/c),turn_over(m/cmc),recog,Unnamed: 13,Unnamed: 14,turn_over(v/cc)
2007/11/16,-0.041608371,4025.828,4269.759,3951.329,4133.351,7789474600,1.006164932,-9.61E-05,1.51E+11,8295838,4348.1252,4310.1264,3866.69025,2608.20175,,,,,,,,,,,,,,,,
2007/11/23,-0.02045505,4141.198,4186.289,3844.179,3961.369,5890495300,0.974336462,-6.06E-05,1.17E+11,8295838,4241.4868,4295.0702,3918.9646,2656.711233,,,,,,,,,,,,,,,,
2007/11/30,0.0622943,4020.645,4038.478,3757.957,3880.339,6383038900,0.960120653,-7.98E-05,1.27E+11,8323600,4131.5588,4266.5475,3969.9448,2703.147733,,,,,,,,,,,,,,,,
2007/12/7,-0.027458102,3859.854,4128.779,3838.487,4122.062,5482916700,0.916472601,6.40E-05,1.05E+11,8650845,4047.3386,4259.0499,4027.5308,2753.61245,,,,,,,,,,,,,,,,
2007/12/14,0.017991817,4052.375,4216.53,3881.5,4008.878,7360774300,0.867904639,3.89E-05,1.54E+11,8650845,4021.1998,4229.196,4072.83525,2801.831783,,,,,,,,,,,,,,,,
2007/12/21,0.035714487,4002.988,4096.242,3826.917,4081.005,6298126400,0.819133,-1.37E-05,1.23E+11,8680845,4010.7306,4179.4279,4112.2165,2850.688883,,,,,,,,,,,,,,,,
2007/12/28,0.01323237,4112.524,4280.733,4096.67,4226.756,9768264000,0.749525457,4.87E-05,1.91E+11,8750918,4063.808,4152.6474,4147.5471,2901.9296,,,,,,,,,,,,,,,,
2008/1/4,0.0464197,4230.806,4296.024,4123.119,4282.686,7276602500,0.781581266,5.94E-05,1.44E+11,8750917.622,4144.2774,4137.9181,4176.2856,2953.898133,,,,,,,,,,,,,,,,
2008/1/11,-0.063713897,4279.916,4482.572,4255.499,4481.487,13496468900,0.794685894,4.02E-05,2.80E+11,8993489.622,4216.1624,4131.7505,4220.03355,3008.272867,,,,,,,,,,,,,,,,
2008/1/18,-0.076353554,4503.675,4524.289,4072.684,4195.954,11431675000,0.769947006,-1.59E-05,2.42E+11,8993489.622,4253.5776,4137.3887,4224.59835,3057.163283,,,,,,,,,,,,,,,,
2008/1/25,-0.096895224,4203.505,4212.012,3636.474,3875.578,12141505800,0.623209468,-0.000100148,2.27E+11,8993489.622,4212.4922,4111.6114,4210.8689,3099.7394,,,,,,,,,,,,,,,,
2008/2/1,0.076030277,3830.968,3830.968,3376.612,3500.053,8160880900,0.682655413,-0.000184619,1.50E+11,9084396.622,4067.1516,4065.4798,4180.275,3134.974633,,,,,,,,,,,,,,,,
2008/2/5,-0.031859216,3598.503,3817.614,3598.503,3766.163,3946767900,0.743833761,-6.80E-05,77678160734,9512296.622,3963.847,4054.0622,4160.30485,3173.904633,,,,,,,,,,,,,,,,
2008/2/15,-0.049359109,3697.534,3737.765,3593.167,3646.176,3298084500,0.772212326,0.000120411,62519034357,9512296.622,3796.7848,4006.4736,4132.76175,3210.442267,,,,,,,,,,,,,,,,
2008/2/22,0.001268823,3694.666,3805.392,3434.759,3466.204,8453998800,0.744256994,-8.96E-05,1.60E+11,9512296.622,3650.8348,3952.2062,4090.7011,3241.593733,,,,,,,,,,,,,,,,
2008/2/29,-0.021608931,3460.864,3490.931,3275.843,3470.602,6689549100,0.800035535,-7.03E-05,1.23E+11,9765540.622,3569.8396,3891.1659,4035.2969,3272.533133,,,,,,,,,,,,,,,,
2008/3/7,-0.09163519,3449.749,3566.156,3317.345,3395.606,7353636000,0.842667253,-2.83E-05,1.40E+11,10224233.62,3548.9502,3808.0509,3980.34915,3299.038,,,,,,,,,,,,,,,,
2008/3/14,-0.020382571,3366.965,3366.965,3028.328,3084.449,6446754900,0.844228767,-0.00018075,1.18E+11,10472827.62,3412.6074,3688.2272,3913.07265,3320.193483,,,,,,,,,,,,,,,,
2008/3/21,-0.036758583,3065.425,3075.739,2765.248,3021.58,8004944800,0.882815927,-0.000144109,1.37E+11,10472827.62,3287.6882,3542.2365,3836.9935,3339.2841,,,,,,,,,,,,,,,,
2008/3/28,-0.028134235,3056.434,3063.89,2714.384,2910.511,7817002800,0.893234187,-7.58E-05,1.31E+11,10502827.62,3176.5496,3413.6922,3775.54045,3354.53375,,,,,,,,,,,,,,,,
2008/4/3,0.013018335,2815.312,2891.169,2679.292,2828.626,7002319400,0.929071599,-9.58E-05,1.09E+11,10503039,3048.1544,3308.997,3710.3042,3365.602283,,,,,,,,,,,,,,,,
2008/4/11,-0.123571516,2803.881,3011.42,2751.582,2865.45,7642909900,0.942070061,-2.20E-05,1.24E+11,10871011,2942.1232,3245.5367,3655.50825,3380.777017,,,,,,,,,,,,,,,,
2008/4/18,0.188583326,2805.212,2815.333,2482.919,2511.362,6211634000,0.939702779,-0.000196295,93256281025,10871011,2827.5058,3120.0566,3587.0594,3389.244317,,,,,,,,,,,,,,,,
2008/4/25,0.047092711,2707.597,3075.825,2451.605,2984.963,14714856900,0.885726341,3.19E-05,2.25E+11,11256314,2820.1824,3053.9353,3530.20445,3401.7774,,,,,,,,,,,,,,,,
2008/4/30,-0.047142039,2936.426,3135.716,2894.648,3125.533,7812596500,0.901502137,0.000361385,1.30E+11,11544775,2863.1868,3019.8682,3486.0372,3419.38505,,,,,,,,,,,,,,,,
2008/5/9,0.010415054,3169.005,3184.107,2929.243,2978.189,11381309200,0.922559209,-2.30E-06,1.97E+11,11544775,2893.0994,2970.6269,3430.8964,3433.284567,,,,,,,,,,,,,,,,
2008/5/16,-0.056876114,2915.262,3075.217,2884.575,3009.207,8380914400,0.938576573,-5.75E-05,1.34E+11,12948331,2921.8508,2931.987,3370.01895,3448.3109,,,,,,,,,,,,,,,,
2008/5/23,-0.013130119,2999.409,3008.033,2752.154,2838.055,6904447700,0.875667048,-8.91E-05,1.03E+11,13074198,2987.1894,2907.3476,3297.7874,3458.94445,,,,,,,,,,,,,,,,
2008/5/30,-0.035347871,2812.514,2855.68,2726.86,2800.791,5207798900,0.821103357,-0.000173939,81969875487,13078917,2950.355,2885.2687,3213.7526,3467.486583,,,,,,,,,,,,,,,,
2008/6/6,-0.140276313,2792.242,2834.495,2687.224,2701.789,5965252300,0.80342938,-0.000105271,82430320898,13078917,2865.6062,2864.3965,3139.04435,3472.672367,,,,,,,,,,,,,,,,
2008/6/13,-0.021131896,2586.722,2597.477,2319.905,2322.792,5160477800,0.806488603,-0.000434221,67750459609,13129690,2734.5268,2813.8131,3061.40505,3469.422417,,,,,,,,,,,,,,,,
2008/6/20,-0.029638823,2329.583,2383.272,2152.312,2273.707,7722845500,0.86754786,-0.000269543,95508027977,13138014,2587.4268,2754.6388,3000.08775,3464.859183,,,,,,,,,,,,,,,,
2008/6/27,-0.058506099,2227.163,2357.445,2188.196,2206.317,6874281600,0.852506072,-9.74E-05,81350212301,13349956,2461.0792,2724.1343,2922.09545,3456.9428,,,,,,,,,,,,,,,,
2008/7/4,0.080987506,2176.895,2212.966,1992.347,2077.234,6129084500,0.896459726,-0.000188252,76627483474,13352603,2316.3678,2633.3614,2843.64835,3445.599583,,,,,,,,,,,,,,,,
2008/7/11,-0.038639675,2082.748,2319.015,2081.84,2245.464,10602265000,0.902436679,2.24E-05,1.28E+11,13356118,2225.1028,2545.3545,2782.61135,3435.22445,,,,,,,,,,,,,,,,
2008/7/18,0.049558994,2223.885,2280.948,2056.188,2158.7,7171664200,0.894845922,7.30E-05,81609840963,13356118,2192.2844,2463.4056,2717.01625,3423.630817,,,,,,,,,,,,,,,,
2008/7/25,-0.026481198,2132.443,2300.508,2127.075,2265.683,7865282500,0.908051542,1.53E-05,96148334479,13356118,2190.6796,2389.0532,2660.5201,3412.350317,,,,,,,,,,,,,,,,
2008/8/1,-0.067447981,2282.061,2318.081,2127.357,2205.685,5997350600,0.911414592,4.85E-05,71017405626,13360759,2190.5532,2325.8162,2616.5819,3400.6686,,,,,,,,,,,,,,,,
2008/8/8,-0.048345679,2185.163,2201.284,2044.81,2056.916,4946409600,0.935659944,-0.000248888,56711550415,13360759,2186.4896,2251.4287,2568.3487,3387.350217,,,,,,,,,,,,,,,,
2008/8/15,-0.004806197,2049.457,2069.792,1900.562,1957.473,4650529300,0.951361377,-0.000325691,48129829467,13459494,2128.8914,2176.9971,2520.6968,3369.378467,,,,,,,,,,,,,,,,
2008/8/22,0.014059079,1959.104,2045.255,1832.254,1948.065,5657897300,0.957895237,-0.000139265,58317860875,14889586,2086.7644,2139.5244,2476.66875,3351.221067,,,,,,,,,,,,,,,,
2008/8/29,-0.090354972,1953.285,1997.198,1898.22,1975.453,4566691900,1.014137061,3.00E-05,49037908487,14939586,2028.7184,2109.699,2432.1689,3335.54725,,,,,,,,,,,,,,,,
2008/9/5,-0.047303197,1958.27,1959.839,1781.704,1796.961,4039941000,1.007831553,-0.000286838,43132886323,14939586,1946.9736,2068.7634,2396.44885,3317.817683,,,,,,,,,,,,,,,,
2008/9/12,-0.035878196,1805.411,1815.798,1699.46,1711.959,3988710300,1.004959655,-0.000499586,40425880254,14939586,1877.9822,2032.2359,2332.79865,3296.844633,,,,,,,,,,,,,,,,
2008/9/19,0.09742405,1673.791,1673.791,1433.436,1650.537,7002270700,0.985332808,-0.000177056,58554336053,15215104,1816.595,1972.7432,2259.04885,3272.640433,,,,,,,,,,,,,,,,
2008/9/26,-0.156350633,1785.32,1844.569,1660.463,1811.339,17263092200,0.960660049,5.12E-05,1.68E+11,15215105,1789.2498,1938.0071,2200.70635,3247.93975,,,,,,,,,,,,,,,,
2008/10/10,-0.031393169,1788.966,1788.966,1497.338,1528.135,8786236900,0.946127135,-0.000128421,86135066553,15215105,1699.7862,1864.2523,2126.65275,3214.7396,,,,,,,,,,,,,,,,
2008/10/17,-0.048667646,1519.66,1679.916,1462.931,1480.162,8742452100,0.956460649,-0.000327268,81633798884,15648617,1636.4264,1791.7,2058.7581,3177.610367,,,,,,,,,,,,,,,,
2008/10/24,-0.057112077,1474.968,1553.864,1401.68,1408.126,7304944800,0.94877694,-0.000169987,65864371856,15811762,1575.6598,1726.821,1989.12485,3140.970333,,,,,,,,,,,,,,,,
2008/10/31,0.026928422,1379.528,1380.464,1269.291,1327.705,8482807800,0.974220635,-0.00019199,71217477896,15811762,1511.0934,1663.8442,1920.42065,3094.687783,,,,,,,,,,,,,,,,
2008/11/7,0.137156407,1312.787,1394.492,1290.808,1363.458,6946914000,1.00326223,-7.22E-05,56886118122,15811762,1421.5172,1605.3835,1872.45395,3048.242633,,,,,,,,,,,,,,,,
2008/11/14,-0.03184335,1398.222,1553.428,1398.222,1550.465,13748145100,1.002420516,0.000192962,1.15E+11,15811762,1425.9832,1562.8847,1836.29185,3005.551533,,,,,,,,,,,,,,,,
2008/11/21,-0.059908347,1541.339,1583.797,1432.748,1501.093,15948900500,0.992696857,0.00010076,1.33E+11,15919617,1430.1694,1533.2979,1801.03065,2961.14365,,,,,,,,,,,,,,,,
2008/11/28,0.090211279,1493.431,1536.606,1399.361,1411.165,9731473400,0.984602124,-0.000146975,80937854576,15919617,1430.7772,1503.2185,1767.7272,2914.712433,,,,,,,,,,,,,,,,
2015/6/26,-0.056429014,2907.075,3082.558,2678.769,2736.695,62071763700,0.960437795,-0.000439777,8.33E+11,149056697,3081.0644,3129.9491,2896.13785,2162.290983,,,,,,,,,,,,,,,,
2015/7/3,0.122428905,2802.772,2872.907,2511.165,2582.266,99497638600,0.886935912,-0.000165549,1.22E+12,149063553,2975.2508,3065.7799,2903.87745,2180.6498,,,,,,,,,,,,,,,,
2015/7/10,-0.031515555,2807.754,2997.597,2493.644,2898.41,1.64E+11,0.746680672,5.37E-05,1.89E+12,149116638,2894.1352,3030.5719,2926.53495,2204.16105,,,,,,,,,,,,,,,,
2015/7/17,-0.023519584,2855.7,2949.197,2665.95,2807.065,87914478200,0.672593827,0.00014815,1.05E+12,149613273,2785.4986,3000.2329,2943.15845,2226.205883,,,,,,,,,,,,,,,,
2015/7/24,-0.102079354,2798.56,2815.701,2721.354,2741.044,59085455000,0.628361074,-0.000137481,7.74E+11,149613642,2753.096,2968.2962,2961.6295,2247.18835,,,,,,,,,,,,,,,,
2015/7/31,0.017290471,2698.798,2715.359,2400.866,2461.24,53173731400,0.640121572,-0.000347894,6.34E+11,150155275,2698.005,2889.5347,2959.92765,2263.671217,,,,,,,,,,,,,,,,
2015/8/7,0.029252383,2433.242,2537.354,2419.85,2503.796,32235868300,0.706485045,-0.000403178,3.89E+11,150158244,2682.311,2828.7809,2951.0835,2280.3518,,,,,,,,,,,,,,,,
2015/8/14,-0.118616412,2527.616,2626.358,2517.947,2577.038,42758571300,0.749698839,0.000165224,5.56E+11,150158244,2618.0366,2756.0859,2945.4734,2298.561117,,,,,,,,,,,,,,,,
2015/8/21,-0.049045968,2560.371,2572.213,2261.307,2271.359,40968225700,0.770992985,-0.000340258,4.78E+11,150158244,2510.8954,2648.197,2918.1823,2311.8545,,,,,,,,,,,,,,,,
2015/8/28,0.038738253,2195.457,2203.634,1874.216,2159.958,58998708600,0.823014236,-0.000413707,5.64E+11,150812425,2394.6782,2573.8871,2876.84995,2322.979417,,,,,,,,,,,,,,,,
2015/9/2,-0.021500862,2135.603,2248.766,2071.406,2243.631,44156484400,0.889104935,-4.17E-05,4.18E+11,150812425,2351.1564,2524.5807,2827.2649,2335.897583,,,,,,,,,,,,,,,,
2015/9/11,0.001639344,2215.176,2247.441,2084.03,2195.391,31387273200,0.923193436,7.88E-05,3.22E+11,150812425,2289.4754,2485.8932,2775.83655,2347.841517,,,,,,,,,,,,,,,,
2015/9/18,-0.007087799,2205.705,2277.583,2126.288,2198.99,28821342200,0.968120159,-0.000104113,3.03E+11,150812425,2213.8658,2415.9512,2723.26155,2358.5411,,,,,,,,,,,,,,,,
2015/9/25,-0.017077005,2185.077,2259.071,2150.018,2183.404,17476669000,0.990509237,-4.71E-05,1.91E+11,150812681,2196.2748,2353.5851,2676.909,2368.1316,,,,,,,,,,,,,,,,
2015/9/30,0.034096914,2169.152,2175.97,2114.301,2146.118,7077810300,0.988727589,-0.00051232,73251202769,150812681,2193.5068,2294.0925,2631.19435,2377.305867,,,,,,,,,,,,,,,,
2015/10/9,0.047078485,2231.025,2231.242,2189.988,2219.294,7239085200,0.990405597,0.000342855,80213145984,150992340,2188.6394,2269.8979,2579.7163,2387.427367,,,,,,,,,,,,,,,,
2015/10/16,0.008688449,2223.325,2328.304,2220.632,2323.775,24833120900,1.069009575,0.000504573,2.71E+11,151365409,2214.3162,2251.8958,2540.33835,2399.587233,,,,,,,,,,,,,,,,
2015/10/23,-0.013221614,2329.396,2369.371,2268.823,2343.965,30110259700,0.963783818,0.000282399,3.30E+11,151365409,2243.3112,2228.5885,2492.3372,2412.298583,,,,,,,,,,,,,,,,
2015/10/30,0.078042382,2366.838,2381.713,2298.974,2312.974,20681172500,0.877098806,-3.40E-05,2.45E+11,151365409,2269.2252,2232.75,2440.4735,2423.2442,,,,,,,,,,,,,,,,
2015/11/6,-0.018332181,2291.252,2503.65,2265.673,2493.484,37336094100,0.833621283,0.000258598,4.49E+11,151359015,2338.6984,2266.1026,2419.99485,2437.6322,,,,,,,,,,,,,,,,
2015/11/13,0.007755621,2501.725,2592.194,2444.203,2447.773,40447445500,0.813787927,0.000219333,4.96E+11,152222597,2384.3942,2286.5168,2405.54875,2451.4354,,,,,,,,,,,,,,,,
2015/11/20,-0.053640063,2410.039,2514.463,2407.943,2466.757,26051010500,0.709233822,-6.26E-05,3.19E+11,152222597,2412.9906,2313.6534,2399.7733,2465.613217,,,,,,,,,,,,,,,,
2015/11/27,0.027039461,2465.811,2485.415,2320.066,2334.44,22853586600,0.658034239,-0.000308397,2.75E+11,152222597,2411.0856,2327.1984,2371.5748,2477.5256,,,,,,,,,,,,,,,,
2015/12/4,-0.022985433,2325.071,2481.537,2280.683,2397.562,30575601600,0.625628236,-0.000139654,3.09E+11,152222597,2428.0032,2348.6142,2351.09965,2490.456417,,,,,,,,,,,,,,,,
2015/12/11,0.03431531,2398.088,2404.912,2324.625,2342.453,15499674800,0.597668974,3.37E-05,1.73E+11,152222597,2397.797,2368.2477,2331.1701,2502.6887,,,,,,,,,,,,,,,,
2015/12/18,0.028685816,2319.198,2466.346,2316.902,2422.835,20858838100,0.554556056,7.69E-05,2.51E+11,152228370,2392.8094,2388.6018,2329.24985,2516.678967,,,,,,,,,,,,,,,,
2015/12/25,-0.028701989,2415.63,2550.899,2414.838,2492.336,27103561100,0.624037865,0.000359377,3.40E+11,152228370,2397.9252,2405.4579,2328.67685,2530.596467,,,,,,,,,,,,,,,,
2015/12/31,-0.083108442,2498.781,2502.333,2399.92,2420.801,13419128100,0.84032836,-9.52E-06,1.58E+11,152228370,2415.1974,2413.1415,2320.865,2543.604433,,,,,,,,,,,,,,,,
,,,,,,,,,,,,,,,,,-0.017398063,,,,,,,9218.88,2745277.409,0.387541589,0.018312606,,2007/6/1,0.437662305
,,,,,,,,,,,,,,,,,0.062940408,,,,,,,9856.5699,1821218.799,0.24564567,-0.029394603,,2007/6/8,0.310288532
,,,,,,,,,,,,,,,,,0.0005702,,,,,,,10058.47,1638371.303,0.236236473,0.044447304,,2007/6/15,0.278983417
,,,,,,,,,,,,,,,,,-0.040041692,,,,,,,10094.2402,1474410.456,0.222268928,0.063546496,,2007/6/22,0.251584051
,,,,,,,,,,,,,,,,,-0.018912631,,,,,,,10072.37,1216418.618,0.173920592,-0.039494324,,2007/6/29,0.205375168
,,,,,,,,,,,,,,,,,0.038314279,,,,,,,10576.19,887336.9805,0.116659842,-0.058197029,,2007/7/6,0.154872139
,,,,,,,,,,,,,,,,,0.044589815,,,,,,,11167.55,737657.3107,0.098344048,0.018677025,,2007/7/13,0.135420715
,,,,,,,,,,,,,,,,,0.061425704,,,,,,,11624.25,756706.4628,0.102194869,0.084612521,,2007/7/20,0.14459888
,,,,,,,,,,,,,,,,,0.06885449,,,,,,,12640.8301,1212365.231,0.168924989,0.10875448,,2007/7/27,0.251931001
,,,,,,,,,,,,,,,,,0.053342136,,,,,,,13320.89,1152597.492,0.172051515,0.13450963,,2007/8/3,0.251836032
,,,,,,,,,,,,,,,,,-0.027343662,,,,,,,13091.02,1435953.715,0.206286362,0.125869471,,2007/8/10,0.308333621
,,,,,,,,,,,,,,,,,0.138118989,,,,,,,15240.1899,1098490.715,0.166357596,0.024539905,,2007/8/17,0.270682729
,,,,,,,,,,,,,,,,,0.01108716,,,,,,,15642.41,922929.6445,0.151285078,0.106998648,,2007/8/24,0.230165767
,,,,,,,,,,,,,,,,,-0.009213123,,,,,,,15320.2101,928123.5575,0.161041861,0.150737496,,2007/8/31,0.225493652
,,,,,,,,,,,,,,,,,0.01304375,,,,,,,15728.16,1003175.782,0.165930335,0.001771889,,2007/9/7,0.250218122
,,,,,,,,,,,,,,,,,0.007555276,,,,,,,16130.7899,798287.7082,0.139584377,0.003710453,,2007/9/14,0.203918089
,,,,,,,,,,,,,,,,,0.026299262,,,,,,,16795.4798,779986.3151,0.140739477,0.020697575,,2007/9/21,0.204538043
,,,,,,,,,,,,,,,,,0.062977186,,,,,,,19313.412,458584.5732,0.088264986,0.034053236,,2007/9/28,0.138282961
,,,,,,,,,,,,,,,,,-0.018373175,,,,,,,20026.8121,827076.6769,0.143085854,0.090932701,,2007/10/12,0.253622098
,,,,,,,,,,,,,,,,,-0.014368923,,,,,,,21098.724,658496.6228,0.123796599,0.04344692,,2007/10/19,0.197845576
,,,,,,,,,,,,,,,,,0.025549557,,,,,,,21992.6481,449600.9873,0.086365492,-0.032478095,,2007/10/26,0.131540708
,,,,,,,,,,,,,,,,,-0.088834805,,,,,,,21173.836,525103.5476,0.098309393,0.010813514,,2007/11/2,0.141572148
,,,,,,,,,,,,,,,,,-0.001502812,,,,,,,21348.0939,381529.3692,0.073793043,-0.065554938,,2007/11/9,0.099894068
,,,,,,,,,,,,,,,,,-0.041608371,,,,,,,20206.1881,385499.4599,0.074705313,-0.090204116,,2007/11/16,0.093896175
,,,,,,,,,,,,,,,,,-0.02045505,,,,,,,20015.8201,294291.9786,0.058644515,-0.043048653,,2007/11/23,0.071005428
,,,,,,,,,,,,,,,,,0.0622943,,,,,,,21517.18,296648.4874,0.058820387,-0.061212319,,2007/11/30,0.076686036
,,,,,,,,,,,,,,,,,-0.027458102,,,,,,,20684.8319,265069.4348,0.050541502,0.040565017,,2007/12/7,0.063380129
,,,,,,,,,,,,,,,,,0.017991817,,,,,,,21001.7379,350484.0568,0.073522979,0.033125714,,2007/12/14,0.085087345
,,,,,,,,,,,,,,,,,0.035714487,,,,,,,22182.766,283919.7961,0.05561202,-0.009960306,,2007/12/21,0.072551997
,,,,,,,,,,,,,,,,,0.01323237,,,,,,,22210.3754,439806.3438,0.085810469,0.054348873,,2007/12/28,0.111625592
,,,,,,,,,,,,,,,,,0.0464197,,,,,,,24323.3353,299161.3778,0.05925,0.049419444,,2008/1/4,0.083152451
,,,,,,,,,,,,,,,,,-0.063713897,,,,,,,22604.3455,597074.0847,0.124021937,0.060266313,,2008/1/11,0.150069322
,,,,,,,,,,,,,,,,,-0.076353554,,,,,,,20953.9452,545561.9403,0.115314198,-0.020251777,,2008/1/18,0.12711056
,,,,,,,,,,,,,,,,,-0.096895224,,,,,,,19087.2454,636105.7107,0.119103246,-0.135202668,,2008/1/25,0.135003278
,,,,,,,,,,,,,,,,,0.076030277,,,,,,,22285.8852,366190.5653,0.067390618,-0.165850484,,2008/2/1,0.089834044
,,,,,,,,,,,,,,,,,-0.031859216,,,,,,,21504.4353,183532.7385,0.036121925,-0.028231918,,2008/2/5,0.04149122
,,,,,,,,,,,,,,,,,-0.049359109,,,,,,,20164.9852,163555.0171,0.031003759,0.041748796,,2008/2/15,0.0346718
,,,,,,,,,,,,,,,,,0.001268823,,,,,,,21089.6656,400859.7841,0.075676347,-0.079645783,,2008/2/22,0.088874424
,,,,,,,,,,,,,,,,,-0.021608931,,,,,,,22912.3553,291962.5247,0.053547783,-0.048152914,,2008/2/29,0.068501575
,,,,,,,,,,,,,,,,,-0.09163519,,,,,,,20850.5651,352682.8153,0.067094031,-0.020367526,,2008/3/7,0.071923591
,,,,,,,,,,,,,,,,,-0.020382571,,,,,,,20585.5253,313169.3171,0.057080015,-0.111263982,,2008/3/14,0.061556966
,,,,,,,,,,,,,,,,,-0.036758583,,,,,,,20014.5854,399955.5644,0.0684688,-0.11015,,2008/3/21,0.076435372
,,,,,,,,,,,,,,,,,-0.028134235,,,,,,,20018.5099,390488.7446,0.06537085,-0.05639192,,2008/3/28,0.074427603
,,,,,,,,,,,,,,,,,0.013018335,,,,,,,20021.5201,349739.6484,0.054613827,-0.063858643,,2008/4/3,0.06666946
,,,,,,,,,,,,,,,,,-0.123571516,,,,,,,17942.5598,425965.4133,0.068910923,-0.015482161,,2008/4/11,0.07030542
,,,,,,,,,,,,,,,,,0.188583326,,,,,,,21312.2599,291458.2512,0.043757106,-0.112161876,,2008/4/18,0.057139433
,,,,,,,,,,,,,,,,,0.047092711,,,,,,,22414.21,656496.7893,0.100590045,0.041708283,,2008/4/25,0.130725359
,,,,,,,,,,,,,,,,,-0.047142039,,,,,,,21087.3601,370487.1763,0.061708733,0.244556938,,2008/4/30,0.067672142
,,,,,,,,,,,,,,,,,0.010415054,,,,,,,22682.2398,501771.84,0.086885444,-0.002269375,,2008/5/9,0.098584071
,,,,,,,,,,,,,,,,,-0.056876114,,,,,,,21456.6898,390596.8012,0.062597402,-0.037217972,,2008/5/16,0.064725828
,,,,,,,,,,,,,,,,,-0.013130119,,,,,,,21357.3499,323282.0426,0.048096618,-0.047053427,,2008/5/23,0.052809723
,,,,,,,,,,,,,,,,,-0.035347871,,,,,,,20713.1502,251424.764,0.039573833,-0.069259443,,2008/5/30,0.039818273
,,,,,,,,,,,,,,,,,-0.140276313,,,,,,,17797.59,335171.9137,0.04631544,-0.048013869,,2008/6/6,0.045609681
,,,,,,,,,,,,,,,,,-0.021131896,,,,,,,17747.9602,290764.5578,0.03817366,-0.170665716,,2008/6/13,0.039303882
,,,,,,,,,,,,,,,,,-0.029638823,,,,,,,17250.74,447681.9835,0.055364598,-0.158443905,,2008/6/20,0.058782442
,,,,,,,,,,,,,,,,,-0.058506099,,,,,,,16157.6201,425451.3695,0.050347893,-0.050144395,,2008/6/27,0.051492916
,,,,,,,,,,,,,,,,,0.080987506,,,,,,,17501.55,350202.3821,0.043783255,-0.08641087,,2008/7/4,0.045901795
,,,,,,,,,,,,,,,,,-0.038639675,,,,,,,16975.3099,624569.7464,0.07530662,0.017743144,,2008/7/11,0.079381337
,,,,,,,,,,,,,,,,,0.049558994,,,,,,,17905.66,400524.9848,0.045577678,0.039218499,,2008/7/18,0.053695724
,,,,,,,,,,,,,,,,,-0.026481198,,,,,,,17465.5801,450330.4474,0.055050181,0.009004375,,2008/7/25,0.058888986
,,,,,,,,,,,,,,,,,-0.067447981,,,,,,,16511.2999,363227.0407,0.043011396,0.021765414,,2008/8/1,0.044887799
,,,,,,,,,,,,,,,,,-0.048345679,,,,,,,15859.56,311888.1987,0.03575859,-0.092143076,,2008/8/8,0.037021921
,,,,,,,,,,,,,,,,,-0.004806197,,,,,,,16615.8799,279884.6241,0.028966164,-0.112532841,,2008/8/15,0.034552037
,,,,,,,,,,,,,,,,,0.014059079,,,,,,,16912.9199,334531.0764,0.034481249,-0.052919516,,2008/8/22,0.037999024
,,,,,,,,,,,,,,,,,-0.090354972,,,,,,,15346.7999,297566.3936,0.031953182,0.009185312,,2008/8/29,0.030567727
,,,,,,,,,,,,,,,,,-0.047303197,,,,,,,14592.32,276853.9204,0.029558621,-0.0775662,,2008/9/5,0.027041854
,,,,,,,,,,,,,,,,,-0.035878196,,,,,,,14228.46,280333.2406,0.028411986,-0.13338409,,2008/9/12,0.026698935
,,,,,,,,,,,,,,,,,0.09742405,,,,,,,15599.87,448867.247,0.037535144,-0.081484239,,2008/9/19,0.046021839
,,,,,,,,,,,,,,,,,-0.156350633,,,,,,,13214.13,1306411.561,0.126955125,0.058050456,,2008/9/26,0.113460224
,,,,,,,,,,,,,,,,,-0.031393169,,,,,,,13221.26,664553.6734,0.065148909,-0.074158895,,2008/10/10,0.057746804
,,,,,,,,,,,,,,,,,-0.048667646,,,,,,,12524.47,698029.705,0.065179444,-0.18283546,,2008/10/17,0.055867251
,,,,,,,,,,,,,,,,,-0.057112077,,,,,,,11829.86,617500.5283,0.055676375,-0.078532983,,2008/10/24,0.046199436
,,,,,,,,,,,,,,,,,0.026928422,,,,,,,12229.4,693640.5547,0.058234646,-0.103000212,,2008/10/31,0.053648719
,,,,,,,,,,,,,,,,,0.137156407,,,,,,,13934.98,498523.4281,0.040822533,-0.031721593,,2008/11/7,0.043935104
,,,,,,,,,,,,,,,,,-0.03184335,,,,,,,13578.15,1012519.754,0.084432464,0.167778234,,2008/11/14,0.086948849
,,,,,,,,,,,,,,,,,-0.059908347,,,,,,,12735.9801,1252271.154,0.104625889,0.100945537,,2008/11/21,0.100183946
,,,,,,,,,,,,,,,,,0.090211279,,,,,,,13948.32,697680.6813,0.058026956,-0.089844015,,2008/11/28,0.061128816
,,,,,,,,,,,,,,,,,-0.025464293,,,,,,,13526.34,989268.8636,0.083595909,0.024898524,,2008/12/5,0.084054704
,,,,,,,,,,,,,,,,,0.036565259,,,,,,,14111.5999,1157556.104,0.100671488,0.06244982,,2008/12/12,0.102609055
,,,,,,,,,,,,,,,,,-0.088333932,,,,,,,13037.9399,803230.3861,0.06815525,0.010169857,,2008/12/19,0.065783426
,,,,,,,,,,,,,,,,,-0.022528414,,,,,,,12826.98,630223.942,0.051622861,-0.054998626,,2008/12/26,0.050279968
,,,,,,,,,,,,,,,,,0.044933476,,,,,,,13376.76,298968.4124,0.022919661,-0.108872322,,2008/12/31,0.02487436
,,,,,,,,,,,,,,,,,0.037909868,,,,,,,13947.27,829803.4813,0.063480413,0.021392782,,2009/1/9,0.071984689
,,,,,,,,,,,,,,,,,0.024147073,,,,,,,14350.08,945733.0133,0.077905722,0.084546766,,2009/1/16,0.084410903
,,,,,,,,,,,,,,,,,0.097985858,,,,,,,15787.7698,846442.8902,0.071268028,0.062972353,,2009/1/23,0.083117816
,,,,,,,,,,,,,,,,,0.039412031,,,,,,,16292.28,1069540.224,0.0884054,0.124499003,,2009/2/6,0.108235003
,,,,,,,,,,,,,,,,,-0.034355813,,,,,,,15781.67,1603333.209,0.142047655,0.141259711,,2009/2/13,0.157168406
,,,,,,,,,,,,,,,,,-0.060902342,,,,,,,14874.16,1587432.07,0.14227467,0.003702186,,2009/2/20,0.146661493
,,,,,,,,,,,,,,,,,0.053253434,,,,,,,16634.8,1290361.976,0.119452478,-0.093165806,,2009/2/27,0.133326857
,,,,,,,,,,,,,,,,,-0.030279284,,,,,,,16088.1,1246020.033,0.11314069,-0.010892167,,2009/3/6,0.120548423
,,,,,,,,,,,,,,,,,0.061618629,,,,,,,16939.05,803241.3211,0.076476175,0.021361675,,2009/3/13,0.081821388
,,,,,,,,,,,,,,,,,0.05759435,,,,,,,17836.04,1005220.946,0.096582089,0.029473577,,2009/3/20,0.107818111
,,,,,,,,,,,,,,,,,0.036752224,,,,,,,18505.46,1297867.9,0.125018697,0.122761864,,2009/3/27,0.144431568
,,,,,,,,,,,,,,,,,0.001284919,,,,,,,18500.65,1328377.36,0.127910133,0.096463294,,2009/4/3,0.147717002
,,,,,,,,,,,,,,,,,0.013270654,,,,,,,18800.8901,849205.4533,0.084285379,0.038084366,,2009/4/10,0.095965078
,,,,,,,,,,,,,,,,,-0.031016362,,,,,,,18452.4899,1243770.137,0.128061317,0.014572625,,2009/4/17,0.137948549
,,,,,,,,,,,,,,,,,0.018783844,,,,,,,18886.3099,1007441.364,0.098540459,-0.018157316,,2009/4/24,0.113789442
,,,,,,,,,,,,,,,,,0.067127183,,,,,,,20194.29,652161.2099,0.065407402,-0.012815125,,2009/4/30,0.07847175
,,,,,,,,,,,,,,,,,-0.000322301,,,,,,,20400.3999,1140108.195,0.112032466,0.087171933,,2009/5/8,0.13858446
,,,,,,,,,,,,,,,,,-0.027018728,,,,,,,20506.6399,1002826.08,0.104091622,0.066783246,,2009/5/15,0.122059972
,,,,,,,,,,,,,,,,,0.012006133,,,,,,,21350.8199,802599.7681,0.086864493,-0.027332321,,2009/5/22,0.095607728
,,,,,,,,,,,,,,,,,0.084935607,,,,,,,23075.01,363761.8055,0.038914821,-0.015336985,,2009/5/27,0.046704195
,,,,,,,,,,,,,,,,,-0.001796876,,,,,,,23055.1701,1166090.525,0.128330162,0.097961488,,2009/6/5,0.149588254
,,,,,,,,,,,,,,,,,0.070803428,,,,,,,24585.95,855456.5229,0.090160186,0.082986112,,2009/6/12,0.11555727
,,,,,,,,,,,,,,,,,0.015231957,,,,,,,25096.7401,768874.1894,0.08612205,0.068879327,,2009/6/19,0.1060193
,,,,,,,,,,,,,,,,,0.069904513,,,,,,,26917.0699,803266.5249,0.087647361,0.08711386,,2009/6/26,0.118667758
,,,,,,,,,,,,,,,,,0.004302945,,,,,,,35001.0099,603119.0717,0.074010533,0.086201252,,2009/7/3,0.113605666
,,,,,,,,,,,,,,,,,0.033853299,,,,,,,35474.2398,709485.969,0.088617899,0.074508253,,2009/7/10,0.070467502
,,,,,,,,,,,,,,,,,0.053245834,,,,,,,36962.9904,634622.9254,0.08009504,0.038301913,,2009/7/17,0.06567723
,,,,,,,,,,,,,,,,,0.026926842,,,,,,,39081.9894,684711.0373,0.090499061,0.08890168,,2009/7/24,0.074923138
,,,,,,,,,,,,,,,,,-0.064751644,,,,,,,37742.4201,823611.8515,0.105984178,0.081606418,,2009/7/31,0.085228764
,,,,,,,,,,,,,,,,,-0.064894963,,,,,,,35572.1301,691885.848,0.095124855,-0.03956836,,2009/8/7,0.06577351
,,,,,,,,,,,,,,,,,-0.038950722,,,,,,,34382.8401,499958.6174,0.065976853,-0.125444551,,2009/8/14,0.045939102
,,,,,,,,,,,,,,,,,-0.073513865,,,,,,,32271.8497,547210.7972,0.067706446,-0.101317979,,2009/8/21,0.047193829
,,,,,,,,,,,,,,,,,0.020047248,,,,,,,32938.5297,517697.8862,0.063904662,-0.109601169,,2009/8/28,0.045458107
,,,,,,,,,,,,,,,,,0.053402649,,,,,,,34587.0097,483351.1872,0.056788757,-0.054940367,,2009/9/4,0.044566297
,,,,,,,,,,,,,,,,,-0.025736748,,,,,,,33566.3199,460140.6066,0.055634904,0.074520474,,2009/9/11,0.041173682
,,,,,,,,,,,,,,,,,-0.030621181,,,,,,,32759.9401,502952.2719,0.061240287,0.026291491,,2009/9/18,0.043923332
,,,,,,,,,,,,,,,,,-0.012397108,,,,,,,32544.8499,387263.4361,0.04651596,-0.055569839,,2009/9/25,0.033598058
,,,,,,,,,,,,,,,,,0.050161321,,,,,,,33899.5198,165228.78,0.018892929,-0.042638675,,2009/9/30,0.014931541
,,,,,,,,,,,,,,,,,0.021781259,,,,,,,41183.1398,59006.72488,0.007251046,0.037142358,,2009/10/9,0.006478081
,,,,,,,,,,,,,,,,,0.051960857,,,,,,,42906.7799,278719.8533,0.034530651,0.073035157,,2009/10/16,0.027669252
,,,,,,,,,,,,,,,,,-0.042517918,,,,,,,53670.9309,281118.2431,0.035764895,0.074873889,,2009/10/23,0.034908545
,,,,,,,,,,,,,,,,,0.0573999,,,,,,,56307.5999,212978.7652,0.027240479,0.007233672,,2009/10/30,0.017786853
,,,,,,,,,,,,,,,,,0.004606323,,,,,,,56408.6602,264149.034,0.032103924,0.012441458,,2009/11/6,0.022099916
,,,,,,,,,,,,,,,,,0.023384809,,,,,,,58104.4647,258362.1754,0.031551751,0.062270626,,2009/11/13,0.02226559
,,,,,,,,,,,,,,,,,-0.075133217,,,,,,,54486.7582,344385.2033,0.04233338,0.02809885,,2009/11/20,0.027819319
,,,,,,,,,,,,,,,,,0.082967272,,,,,,,58214.9373,370225.1776,0.047688746,-0.053505384,,2009/11/27,0.031952985
,,,,,,,,,,,,,,,,,-0.030902779,,,,,,,57512.8618,371482.7211,0.046906342,0.001600457,,2009/12/4,0.031674856
,,,,,,,,,,,,,,,,,-0.032909673,,,,,,,56560.5835,259752.0109,0.034288669,0.049500574,,2009/12/11,0.021676056
,,,,,,,,,,,,,,,,,-0.007459938,,,,,,,56737.1706,269622.8722,0.033223809,-0.062795451,,2009/12/18,0.022530227
,,,,,,,,,,,,,,,,,0.061166452,,,,,,,59907.4194,195891.1887,0.025380652,-0.040124107,,2009/12/25,0.017283795
,,,,,,,,,,,,,,,,,-0.03431553,,,,,,,57219.2505,225221.5764,0.029468123,0.053250216,,2009/12/31,0.01898012
,,,,,,,,,,,,,,,,,-0.015553704,,,,,,,62136.7592,236699.868,0.033416361,0.024751963,,2010/1/8,0.021661618
,,,,,,,,,,,,,,,,,-0.019668779,,,,,,,60858.6804,303991.6981,0.041178575,-0.0493355,,2010/1/15,0.026493616
,,,,,,,,,,,,,,,,,-0.057167166,,,,,,,57775.8999,282729.173,0.036689752,-0.034916561,,2010/1/22,0.023392376
,,,,,,,,,,,,,,,,,-0.010870796,,,,,,,57445.1496,183444.4992,0.022923131,-0.075711537,,2010/1/29,0.015090911
,,,,,,,,,,,,,,,,,0.029188142,,,,,,,58925.4305,173435.9022,0.022244576,-0.067416509,,2010/2/5,0.01461387
,,,,,,,,,,,,,,,,,-0.004404247,,,,,,,58791.7601,102386.9091,0.013215439,0.018000048,,2010/2/12,0.008607646
,,,,,,,,,,,,,,,,,-0.002807866,,,,,,,58859.8903,144820.0864,0.019541978,0.024655343,,2010/2/26,0.012178286
,,,,,,,,,,,,,,,,,0.002907045,,,,,,,59277.7398,140590.9069,0.018238807,-0.007199746,,2010/3/5,0.011891963
,,,,,,,,,,,,,,,,,0.015833587,,,,,,,60162.5199,132905.4187,0.017240628,9.10E-05,,2010/3/12,0.011409678
,,,,,,,,,,,,,,,,,-0.007735401,,,,,,,60181.9298,122775.4199,0.016608071,0.01878666,,2010/3/19,0.01049843
,,,,,,,,,,,,,,,,,0.037738046,,,,,,,62032.83,141544.2323,0.017062584,0.007975707,,2010/3/26,0.012475576
,,,,,,,,,,,,,,,,,-0.01405518,,,,,,,61041.0297,203187.7175,0.025496908,0.029710726,,2010/4/2,0.017622444
,,,,,,,,,,,,,,,,,-0.00709111,,,,,,,60407.7004,125926.828,0.016771132,0.023152451,,2010/4/9,0.0108083
,,,,,,,,,,,,,,,,,-0.061810899,,,,,,,56396.9299,201287.902,0.027480286,-0.021046623,,2010/4/16,0.016129465
,,,,,,,,,,,,,,,,,-0.016338429,,,,,,,56027.6404,239382.3139,0.029460589,-0.068463701,,2010/4/23,0.019056416
,,,,,,,,,,,,,,,,,-0.078757247,,,,,,,52329.9604,188223.7216,0.022053196,-0.077139435,,2010/4/30,0.013975966
,,,,,,,,,,,,,,,,,0.019979113,,,,,,,53601.4399,165304.7832,0.019790512,-0.093808906,,2010/5/7,0.012571927
,,,,,,,,,,,,,,,,,-0.037777822,,,,,,,52592.9,204245.4229,0.024048823,-0.060351634,,2010/5/14,0.01524121
,,,,,,,,,,,,,,,,,0.015535942,,,,,,,52977.03,186044.5895,0.019899346,-0.018553476,,2010/5/21,0.013782594
,,,,,,,,,,,,,,,,,-0.040115078,,,,,,,50997.5102,199600.568,0.021147026,-0.022828794,,2010/5/28,0.014220646
,,,,,,,,,,,,,,,,,-0.00594051,,,,,,,50460.8194,158875.0955,0.015614526,-0.025202361,,2010/6/4,0.011182877
,,,,,,,,,,,,,,,,,-0.006544725,,,,,,,50085.6999,162547.9392,0.016746467,-0.045817284,,2010/6/11,0.011285999
,,,,,,,,,,,,,,,,,0.024073814,,,,,,,51445.4697,48199.46468,0.005035409,-0.012446356,,2010/6/18,0.003437432
,,,,,,,,,,,,,,,,,-0.053932596,,,,,,,49316.8099,147907.9591,0.01566075,0.017371532,,2010/6/25,0.009995143
,,,,,,,,,,,,,,,,,0.031845767,,,,,,,50791.7601,149985.8222,0.013521706,-0.031157146,,2010/7/2,0.010445027
,,,,,,,,,,,,,,,,,-0.016619767,,,,,,,49860.5302,145326.9324,0.013539808,-0.023804354,,2010/7/9,0.009935028
,,,,,,,,,,,,,,,,,0.057759299,,,,,,,52501.3709,152422.9094,0.015415743,0.014696731,,2010/7/16,0.01075923
,,,,,,,,,,,,,,,,,0.021233637,,,,,,,53358.4607,206433.933,0.020110576,0.040179586,,2010/7/23,0.014809566
,,,,,,,,,,,,,,,,,-0.003791097,,,,,,,52935.6501,234147.4238,0.02144119,0.080219376,,2010/7/30,0.016664627
,,,,,,,,,,,,,,,,,-0.024533303,,,,,,,51509.88,248024.9245,0.02210106,0.017362041,,2010/8/6,0.017176862
,,,,,,,,,,,,,,,,,0.018848369,,,,,,,52754.9501,225520.5962,0.019499772,-0.028231392,,2010/8/13,0.015995852
,,,,,,,,,,,,,,,,,-0.025154278,,,,,,,51400.8095,258476.3767,0.025341796,-0.006147346,,2010/8/20,0.017725734
,,,,,,,,,,,,,,,,,0.006051896,,,,,,,51772.3407,161960.1932,0.015197546,-0.006780026,,2010/8/27,0.011187151
,,,,,,,,,,,,,,,,,-0.007019023,,,,,,,51534.1397,218102.8143,0.022182899,-0.019254614,,2010/9/3,0.014995803
,,,,,,,,,,,,,,,,,-0.030451884,,,,,,,49946.8305,254010.6704,0.026346337,-0.001009605,,2010/9/10,0.01692674
,,,,,,,,,,,,,,,,,0.003824887,,,,,,,50537.2,218654.3754,0.02128703,-0.037257164,,2010/9/17,0.014742895
,,,,,,,,,,,,,,,,,0.026118126,,,,,,,51695.8597,51439.85835,0.005401994,-0.026743473,,2010/9/21,0.003537158
,,,,,,,,,,,,,,,,,0.040198964,,,,,,,53165.3293,170520.3301,0.020091157,0.030042912,,2010/9/30,0.012038955
,,,,,,,,,,,,,,,,,0.132852332,,,,,,,63597.781,63819.28011,0.007620114,0.067367012,,2010/10/8,0.005389866
,,,,,,,,,,,,,,,,,-0.010350906,,,,,,,63181.4909,563961.7377,0.062336948,0.178391822,,2010/10/15,0.046120759
,,,,,,,,,,,,,,,,,-0.01863601,,,,,,,61831.3697,493906.5987,0.056722402,0.121126284,,2010/10/22,0.039416864
,,,,,,,,,,,,,,,,,0.040888723,,,,,,,64556.5399,340181.285,0.041496661,-0.028794016,,2010/10/29,0.028345168
,,,,,,,,,,,,,,,,,-0.065126257,,,,,,,81492.1296,298777.6883,0.036117615,0.02149071,,2010/11/5,0.031426224
,,,,,,,,,,,,,,,,,-0.042775187,,,,,,,78545.21,310956.4211,0.038252826,-0.026900464,,2010/11/12,0.025709728
,,,,,,,,,,,,,,,,,-0.010320455,,,,,,,76735.1287,224835.8971,0.02650591,-0.105115656,,2010/11/19,0.018102235
,,,,,,,,,,,,,,,,,-0.005091664,,,,,,,76700.5405,172202.1111,0.019899661,-0.052654182,,2010/11/26,0.013696431
,,,,,,,,,,,,,,,,,0.006738143,,,,,,,77415.9788,128552.9067,0.014843022,-0.015359571,,2010/12/3,0.010320079
,,,,,,,,,,,,,,,,,0.005187344,,,,,,,77880.9295,147429.5732,0.01712748,0.00161217,,2010/12/10,0.011760819
,,,,,,,,,,,,,,,,,-0.009294644,,,,,,,77162.2008,170682.6148,0.018932401,0.011960441,,2010/12/17,0.013471362
,,,,,,,,,,,,,,,,,-0.017823917,,,,,,,76829.3701,155750.6678,0.017398118,-0.004155514,,2010/12/24,0.012239813
,,,,,,,,,,,,,,,,,0.014670021,,,,,,,77702.3006,149792.4464,0.016167603,-0.026952894,,2010/12/31,0.011867707
,,,,,,,,,,,,,,,,,-0.011837773,,,,,,,78102.4798,156560.6192,0.019633697,-0.003415373,,2011/1/7,0.012467816
,,,,,,,,,,,,,,,,,-0.02864135,,,,,,,76392.6303,159466.9781,0.017071421,0.002658587,,2011/1/14,0.012421248
,,,,,,,,,,,,,,,,,0.010023169,,,,,,,77214.1396,149313.8182,0.015606211,-0.040140074,,2011/1/21,0.011755466
,,,,,,,,,,,,,,,,,0.012105035,,,,,,,78463.5889,145764.9639,0.014475125,-0.018905258,,2011/1/28,0.011661766
,,,,,,,,,,,,,,,,,0.00395492,,,,,,,78493.109,51029.64898,0.005552284,0.022249535,,2011/2/1,0.004084107
,,,,,,,,,,,,,,,,,0.027242973,,,,,,,79852.55,81554.3461,0.009197014,0.01610783,,2011/2/11,0.006640166
,,,,,,,,,,,,,,,,,-0.011652362,,,,,,,78501.72,224016.6967,0.026078416,0.031305637,,2011/2/18,0.01793092
,,,,,,,,,,,,,,,,,0.036619557,,,,,,,80987.639,166791.4779,0.020021898,0.015273166,,2011/2/25,0.013772219
,,,,,,,,,,,,,,,,,-0.014917244,,,,,,,80928.3815,205239.2534,0.02505426,0.024540491,,2011/3/4,0.016917486
,,,,,,,,,,,,,,,,,-0.007138699,,,,,,,80021.8593,190625.7682,0.024986298,0.02115605,,2011/3/11,0.015418096
,,,,,,,,,,,,,,,,,0.030376729,,,,,,,82422.95,145100.1438,0.018384926,-0.021949453,,2011/3/18,0.012088057
,,,,,,,,,,,,,,,,,0.014389735,,,,,,,83035.6208,141395.0433,0.017225443,0.02302118,,2011/3/25,0.01186695
,,,,,,,,,,,,,,,,,0.027682274,,,,,,,84703.6001,179064.2556,0.021178042,0.045203577,,2011/4/1,0.015330312
,,,,,,,,,,,,,,,,,0.007216348,,,,,,,85413.0691,134562.2165,0.015853743,0.04247035,,2011/4/8,0.011616831
,,,,,,,,,,,,,,,,,-0.02245119,,,,,,,83625.47,202848.1646,0.023337614,0.035098387,,2011/4/15,0.017145489
,,,,,,,,,,,,,,,,,-0.017566828,,,,,,,82593.9995,152471.9202,0.017298438,-0.015396858,,2011/4/22,0.01272854
,,,,,,,,,,,,,,,,,-0.036011185,,,,,,,80382.6909,144478.2548,0.016451662,-0.039623622,,2011/4/29,0.0117331
,,,,,,,,,,,,,,,,,0.002704456,,,,,,,80324.3403,97907.68241,0.011309966,-0.052945411,,2011/5/6,0.007907029
,,,,,,,,,,,,,,,,,0.004544211,,,,,,,80336.6808,86597.65042,0.010778866,-0.03340412,,2011/5/13,0.006989013
,,,,,,,,,,,,,,,,,-0.036954628,,,,,,,77986.5508,87150.29618,0.01078098,0.007260957,,2011/5/20,0.006815607
,,,,,,,,,,,,,,,,,-0.00088127,,,,,,,77856.109,95353.46802,0.011918056,-0.032578347,,2011/5/27,0.007442722
,,,,,,,,,,,,,,,,,-0.012111693,,,,,,,77266.8999,98568.38581,0.011812055,-0.037803331,,2011/6/3,0.0076085
,,,,,,,,,,,,,,,,,-0.019811064,,,,,,,76202.8794,69867.84806,0.008939861,-0.012982289,,2011/6/10,0.005318837
,,,,,,,,,,,,,,,,,0.044404901,,,,,,,78828.9198,98727.38863,0.011356947,-0.031682811,,2011/6/17,0.00775835
,,,,,,,,,,,,,,,,,-0.005641622,,,,,,,78317.4196,117658.7692,0.013137781,0.023714129,,2011/6/24,0.00918605
,,,,,,,,,,,,,,,,,0.01445245,,,,,,,78741.5293,127990.8161,0.014365716,0.038512763,,2011/7/1,0.010045878
,,,,,,,,,,,,,,,,,-0.001340624,,,,,,,78664.2695,155214.067,0.018201601,0.008729293,,2011/7/8,0.012170652
,,,,,,,,,,,,,,,,,-0.023460859,,,,,,,77328.0194,127627.1186,0.014570647,0.013092451,,2011/7/15,0.009777188
,,,,,,,,,,,,,,,,,-0.028814227,,,,,,,76007.6108,109465.1103,0.0124215,-0.024770032,,2011/7/22,0.008207578
,,,,,,,,,,,,,,,,,-0.030431613,,,,,,,73209.1991,124781.5823,0.01344733,-0.05159908,,2011/7/29,0.009011525
,,,,,,,,,,,,,,,,,-0.006477337,,,,,,,72405.3094,90646.06386,0.010572293,-0.058368977,,2011/8/5,0.00647443
,,,,,,,,,,,,,,,,,-0.017341264,,,,,,,71684.8203,164254.8876,0.01785396,-0.036711835,,2011/8/12,0.011615226
,,,,,,,,,,,,,,,,,0.038781852,,,,,,,73869.26,108829.6255,0.011699569,-0.023706276,,2011/8/19,0.007794023
,,,,,,,,,,,,,,,,,-0.029663162,,,,,,,72141.53,123507.0673,0.012686598,0.020768062,,2011/8/26,0.008638293
,,,,,,,,,,,,,,,,,-0.010843225,,,,,,,71831.9513,97072.44024,0.009960218,0.007968297,,2011/9/2,0.006760276
,,,,,,,,,,,,,,,,,-0.008884279,,,,,,,71377.0204,80539.85958,0.00822194,-0.040184743,,2011/9/9,0.005573041
,,,,,,,,,,,,,,,,,-0.024993641,,,,,,,69973.2499,66737.40046,0.00664217,-0.01963117,,2011/9/16,0.004527144
,,,,,,,,,,,,,,,,,-0.032077397,,,,,,,69146.4809,109797.7338,0.010989393,-0.03365587,,2011/9/23,0.007360146
,,,,,,,,,,,,,,,,,0.036044588,,,,,,,71230.9796,96005.18677,0.009676465,-0.056269307,,2011/9/30,0.006630228
,,,,,,,,,,,,,,,,,-0.039603739,,,,,,,69465.6708,133060.0078,0.012200955,0.002810974,,2011/10/14,0.008959609
,,,,,,,,,,,,,,,,,0.078133306,,,,,,,73401.3106,94294.78089,0.008924358,-0.004986652,,2011/10/21,0.006709077
,,,,,,,,,,,,,,,,,0.013668088,,,,,,,74831.7098,157098.2506,0.014861281,0.035435196,,2011/10/28,0.011395367
,,,,,,,,,,,,,,,,,-0.028519644,,,,,,,73526.5109,145082.5025,0.014580505,0.092869327,,2011/11/4,0.010313712
,,,,,,,,,,,,,,,,,-0.033014632,,,,,,,71663.5305,106247.7239,0.010266219,-0.015241365,,2011/11/11,0.007361682
,,,,,,,,,,,,,,,,,-0.016907025,,,,,,,70773.9096,100763.7425,0.010532383,-0.06059271,,2011/11/18,0.006895038
,,,,,,,,,,,,,,,,,0.007558207,,,,,,,71257.9098,64284.24596,0.006661851,-0.049363478,,2011/11/25,0.00442891
,,,,,,,,,,,,,,,,,-0.007272697,,,,,,,70871.1703,99262.12972,0.009910277,-0.009476605,,2011/12/2,0.006801213
,,,,,,,,,,,,,,,,,-0.037269342,,,,,,,69663.9842,70171.86651,0.006926137,0.000230541,,2011/12/9,0.004726117
,,,,,,,,,,,,,,,,,-0.006786376,,,,,,,69946.7088,79437.35017,0.007401241,-0.044270991,,2011/12/16,0.005367841
,,,,,,,,,,,,,,,,,-0.000204581,,,,,,,70155.8075,90430.12155,0.007945123,-0.043802794,,2011/12/23,0.006128925
,,,,,,,,,,,,,,,,,-0.005721393,,,,,,,70336.0797,78495.488,0.006806706,-0.006989568,,2011/12/30,0.005333688
,,,,,,,,,,,,,,,,,0.048219986,,,,,,,72514.5995,61740.72988,0.005262426,-0.005924803,,2012/1/6,0.004325513
,,,,,,,,,,,,,,,,,0.052895968,,,,,,,74733.1199,138992.3546,0.013437198,0.042222707,,2012/1/13,0.010035625
,,,,,,,,,,,,,,,,,-0.001633156,,,,,,,74823.2707,138000.5218,0.014204163,0.103666597,,2012/1/20,0.009926555
,,,,,,,,,,,,,,,,,0.003456172,,,,,,,74813.819,109541.129,0.011068312,0.051176425,,2012/2/3,0.007878006
,,,,,,,,,,,,,,,,,-0.007121902,,,,,,,74264.4891,130398.1811,0.012895547,0.001817372,,2012/2/10,0.009309149
,,,,,,,,,,,,,,,,,0.034584391,,,,,,,76357.0899,102270.896,0.010307916,-0.003690345,,2012/2/17,0.007502061
,,,,,,,,,,,,,,,,,0.009378579,,,,,,,76771.1893,144836.042,0.014349032,0.027216182,,2012/2/24,0.010675272
,,,,,,,,,,,,,,,,,-0.017551338,,,,,,,75095.9698,159294.3927,0.016247595,0.044287323,,2012/3/2,0.011483023
,,,,,,,,,,,,,,,,,-0.017339356,,,,,,,74428.2285,139347.7355,0.014600945,-0.008337366,,2012/3/9,0.009947818
,,,,,,,,,,,,,,,,,-0.018066644,,,,,,,72906.7401,165501.1976,0.017049593,-0.034586365,,2012/3/16,0.011572998
,,,,,,,,,,,,,,,,,-0.024190522,,,,,,,71618.2195,135433.6238,0.014296998,-0.035092736,,2012/3/23,0.009303087
,,,,,,,,,,,,,,,,,0.018690422,,,,,,,72219.0503,102258.1766,0.011435499,-0.041820125,,2012/3/30,0.00708224
,,,,,,,,,,,,,,,,,0.022765886,,,,,,,73510.5395,52788.86302,0.005849652,-0.005952231,,2012/4/6,0.003721455
,,,,,,,,,,,,,,,,,0.021841595,,,,,,,74867.1502,104504.6323,0.011625276,0.041881812,,2012/4/13,0.00750322
,,,,,,,,,,,,,,,,,0.003667639,,,,,,,74762.7592,115448.2725,0.011956314,0.045104724,,2012/4/20,0.008277305
,,,,,,,,,,,,,,,,,0.029692594,,,,,,,76279.2897,133927.8701,0.013945651,0.025589342,,2012/4/27,0.009796944
,,,,,,,,,,,,,,,,,-0.032465159,,,,,,,74041.0601,98354.78571,0.011623306,0.033469135,,2012/5/4,0.006978678
,,,,,,,,,,,,,,,,,-0.022117802,,,,,,,72526.2505,140368.0437,0.0166898,-0.003736539,,2012/5/11,0.009754839
,,,,,,,,,,,,,,,,,0.000452812,,,,,,,72345.3697,115461.6078,0.013358801,-0.053864902,,2012/5/18,0.008003961
,,,,,,,,,,,,,,,,,0.018099209,,,,,,,73034.4911,99144.42739,0.011522335,-0.021675005,,2012/5/25,0.006938298
,,,,,,,,,,,,,,,,,-0.038672356,,,,,,,70624.7904,118146.2296,0.013394815,0.018560216,,2012/6/1,0.007994422
,,,,,,,,,,,,,,,,,0.01777593,,,,,,,70890.1598,105656.9335,0.012695597,-0.021273086,,2012/6/8,0.00717619
,,,,,,,,,,,,,,,,,-0.019302715,,,,,,,69805.2595,104123.2574,0.011611921,-0.021583864,,2012/6/15,0.00696161
,,,,,,,,,,,,,,,,,-0.015259293,,,,,,,69414.2702,66154.84232,0.007107606,-0.001869909,,2012/6/21,0.004393213
,,,,,,,,,,,,,,,,,0.001593464,,,,,,,69518.1598,86763.81707,0.009274089,-0.034267462,,2012/6/29,0.005770437
,,,,,,,,,,,,,,,,,-0.015517835,,,,,,,68210.89,98347.01908,0.01067874,-0.013690144,,2012/7/6,0.006417642
,,,,,,,,,,,,,,,,,-0.015856794,,,,,,,68083.2903,107435.4158,0.011260897,-0.013949098,,2012/7/13,0.006989264
,,,,,,,,,,,,,,,,,-0.016878731,,,,,,,67089.3991,93870.69171,0.009943843,-0.031128566,,2012/7/20,0.006016931
,,,,,,,,,,,,,,,,,0.00692445,,,,,,,68258.3703,78301.45338,0.007661889,-0.032467883,,2012/7/27,0.005106424
,,,,,,,,,,,,,,,,,0.014361607,,,,,,,68616.1208,85344.35686,0.0081192,-0.010071157,,2012/8/3,0.00550427
,,,,,,,,,,,,,,,,,-0.035535004,,,,,,,67348.0599,94363.14438,0.010704287,0.021385503,,2012/8/10,0.005973464
,,,,,,,,,,,,,,,,,-0.011140701,,,,,,,66646.5204,82822.57298,0.008579029,-0.021683736,,2012/8/17,0.005188299
,,,,,,,,,,,,,,,,,-0.023242708,,,,,,,66251.3096,82355.6309,0.008035463,-0.04627982,,2012/8/24,0.005124981
,,,,,,,,,,,,,,,,,0.043846083,,,,,,,68187.0603,93281.18667,0.008355174,-0.034124469,,2012/8/31,0.005974486
,,,,,,,,,,,,,,,,,-0.002787156,,,,,,,67832.5508,137417.6939,0.012125401,0.019584273,,2012/9/7,0.008755588
,,,,,,,,,,,,,,,,,-0.042568898,,,,,,,65365.0001,133017.0395,0.01280312,0.040936721,,2012/9/14,0.008166896
,,,,,,,,,,,,,,,,,0.043421451,,,,,,,67489.179,103102.1877,0.009749454,-0.045237409,,2012/9/21,0.006535917
,,,,,,,,,,,,,,,,,0.003451136,,,,,,,67974.8907,111270.0517,0.010280796,-0.000995851,,2012/9/28,0.007104464
,,,,,,,,,,,,,,,,,0.011803598,,,,,,,68776.56,99541.38445,0.009035945,0.04702244,,2012/10/12,0.006430558
,,,,,,,,,,,,,,,,,-0.032402695,,,,,,,67042.1398,87584.93714,0.008264042,0.01529547,,2012/10/19,0.005515461
,,,,,,,,,,,,,,,,,0.026446696,,,,,,,68653.1187,92035.36882,0.008037482,-0.020981566,,2012/10/26,0.005934984
,,,,,,,,,,,,,,,,,-0.021366562,,,,,,,67728.9492,106368.3533,0.009395287,-0.006812943,,2012/11/2,0.006766924
,,,,,,,,,,,,,,,,,-0.025312655,,,,,,,66134.8901,101523.1218,0.008801958,0.004515059,,2012/11/9,0.006284722
,,,,,,,,,,,,,,,,,0.011082409,,,,,,,66701.0997,87383.62075,0.007386487,-0.046138373,,2012/11/16,0.005455738
,,,,,,,,,,,,,,,,,-0.013382604,,,,,,,66494.9098,71432.26022,0.007001489,-0.014510771,,2012/11/23,0.00443704
,,,,,,,,,,,,,,,,,0.056313677,,,,,,,69028.6305,81097.60341,0.006716127,-0.002448507,,2012/11/30,0.005229351
,,,,,,,,,,,,,,,,,0.056970406,,,,,,,71975.9804,160686.9686,0.014301721,0.042177449,,2012/12/7,0.010803856
,,,,,,,,,,,,,,,,,0.005745168,,,,,,,72271.4597,186494.3749,0.01613799,0.116492296,,2012/12/14,0.012590504
,,,,,,,,,,,,,,,,,0.045951384,,,,,,,74649.4302,199711.7535,0.018933221,0.063042879,,2012/12/21,0.013825801
,,,,,,,,,,,,,,,,,0.028961654,,,,,,,76768.2202,172299.9122,0.017477568,0.05196055,,2012/12/28,0.012266671
,,,,,,,,,,,,,,,,,-0.027541299,,,,,,,75252.2194,95793.37005,0.009535596,0.076243866,,2013/1/4,0.006679289
,,,,,,,,,,,,,,,,,0.037279052,,,,,,,76520.8602,170603.5866,0.018051212,0.000622713,,2013/1/11,0.012096047
,,,,,,,,,,,,,,,,,-0.0001802,,,,,,,76083.8802,195962.779,0.020832114,0.00871104,,2013/1/18,0.013813283
,,,,,,,,,,,,,,,,,0.089729196,,,,,,,80600.8507,210419.4578,0.020668086,0.037092135,,2013/1/25,0.015712892
,,,,,,,,,,,,,,,,,-0.006470713,,,,,,,79868.1793,255558.2208,0.026735957,0.089532827,,2013/2/1,0.018910118
,,,,,,,,,,,,,,,,,-0.077822801,,,,,,,75378.0198,290097.5889,0.030203454,0.082677871,,2013/2/8,0.020259067
,,,,,,,,,,,,,,,,,0.032359336,,,,,,,76863.3801,213540.1498,0.022328225,-0.083789945,,2013/2/22,0.015206512
,,,,,,,,,,,,,,,,,-0.022084701,,,,,,,75718.5902,211199.2888,0.02219538,-0.047981759,,2013/3/1,0.014769712
,,,,,,,,,,,,,,,,,-0.031639022,,,,,,,74768.3695,241868.0777,0.025475294,0.009559989,,2013/3/8,0.016702194
,,,,,,,,,,,,,,,,,0.034291704,,,,,,,75944.0299,169538.9752,0.017347861,-0.053024985,,2013/3/15,0.011882971
,,,,,,,,,,,,,,,,,-0.058424899,,,,,,,73063.2497,185116.4088,0.019266353,0.001567725,,2013/3/22,0.012481789
,,,,,,,,,,,,,,,,,-0.001967439,,,,,,,73148.5203,200615.2748,0.019400025,-0.026136685,,2013/3/29,0.013542613
,,,,,,,,,,,,,,,,,-0.008471413,,,,,,,72570.7205,80642.11241,0.007596399,-0.060277391,,2013/4/3,0.005400658
,,,,,,,,,,,,,,,,,0.030136855,,,,,,,73622.9204,118337.9707,0.011871952,-0.010422185,,2013/4/12,0.008039153
,,,,,,,,,,,,,,,,,-0.033887624,,,,,,,71680.7305,149160.041,0.014891847,0.02141014,,2013/4/19,0.009865703
,,,,,,,,,,,,,,,,,0.016676887,,,,,,,72488.4499,144216.0594,0.01430809,-0.004772035,,2013/4/26,0.009646184
,,,,,,,,,,,,,,,,,0.013159646,,,,,,,73253.7296,58000.97173,0.005585022,-0.017775876,,2013/5/3,0.00392047
,,,,,,,,,,,,,,,,,0.013573618,,,,,,,73951.6199,132911.3076,0.013623063,0.030055995,,2013/5/10,0.009069487
,,,,,,,,,,,,,,,,,-0.007955271,,,,,,,73421.6497,136302.3446,0.014129572,0.026911889,,2013/5/17,0.009234228
,,,,,,,,,,,,,,,,,0.006683465,,,,,,,73579.3,143029.8848,0.015027066,0.005510366,,2013/5/24,0.009716643
,,,,,,,,,,,,,,,,,-0.044066199,,,,,,,71371.4299,157740.5317,0.015780265,-0.001324975,,2013/5/31,0.01039445
,,,,,,,,,,,,,,,,,-0.031857877,,,,,,,69637.4299,121000.8269,0.01220294,-0.037677249,,2013/6/7,0.00777885
,,,,,,,,,,,,,,,,,-0.041653097,,,,,,,66589.63,65549.20038,0.006064128,-0.07452022,,2013/6/14,0.004029566
,,,,,,,,,,,,,,,,,-0.049462883,,,,,,,64595.2197,130597.8235,0.012713955,-0.072183995,,2013/6/21,0.00763971
,,,,,,,,,,,,,,,,,-0.006656862,,,,,,,64810.7491,246795.9485,0.019627508,-0.089055698,,2013/6/28,0.014485237
,,,,,,,,,,,,,,,,,0.029532135,,,,,,,65982.9891,166624.9445,0.014125991,-0.055790478,,2013/7/5,0.009908164
,,,,,,,,,,,,,,,,,-0.04799038,,,,,,,70779.4099,206987.993,0.018208037,0.022678682,,2013/7/12,0.013202161
,,,,,,,,,,,,,,,,,0.006756649,,,,,,,70662.5903,164475.3292,0.014453487,-0.019875503,,2013/7/19,0.008494868
,,,,,,,,,,,,,,,,,0.009787646,,,,,,,71248.0797,141051.2514,0.011931834,-0.041557985,,2013/7/26,0.007345416
,,,,,,,,,,,,,,,,,0.010764039,,,,,,,71185.1603,129040.2194,0.011041093,0.016610427,,2013/8/2,0.006713993
,,,,,,,,,,,,,,,,,0.025594896,,,,,,,72550.0293,128407.9344,0.012058231,0.02065704,,2013/8/9,0.006809195
,,,,,,,,,,,,,,,,,-0.016638059,,,,,,,71937.23,221211.5966,0.020487617,0.03663444,,2013/8/16,0.01163129
,,,,,,,,,,,,,,,,,0.014993363,,,,,,,72418.8593,153816.4507,0.014208148,0.008530988,,2013/8/23,0.00801584
,,,,,,,,,,,,,,,,,0.02269312,,,,,,,73640.7997,155361.6059,0.015023858,-0.001894156,,2013/8/30,0.008232975
,,,,,,,,,,,,,,,,,0.075892423,,,,,,,77479.0406,144929.4469,0.014058295,0.038026729,,2013/9/6,0.008063257
,,,,,,,,,,,,,,,,,-0.027816017,,,,,,,75492.7703,375296.8885,0.034910498,0.100307779,,2013/9/13,0.020344638
,,,,,,,,,,,,,,,,,-0.036125761,,,,,,,73757.9402,159856.9845,0.015144841,0.045965382,,2013/9/18,0.008466619
,,,,,,,,,,,,,,,,,0.002381109,,,,,,,73981.4794,184943.7888,0.017403259,-0.062936903,,2013/9/27,0.009824996
,,,,,,,,,,,,,,,,,0.015953818,,,,,,,74987.7802,22897.78542,0.002162808,-0.033830671,,2013/9/30,0.001231709
,,,,,,,,,,,,,,,,,-0.019450442,,,,,,,73926.8902,143266.8664,0.012601307,0.018372915,,2013/10/11,0.007595595
,,,,,,,,,,,,,,,,,-0.015445381,,,,,,,72478.9598,159607.8646,0.014352693,-0.003806933,,2013/10/18,0.008296212
,,,,,,,,,,,,,,,,,0.020622158,,,,,,,74609.0095,157728.7137,0.014153241,-0.034595403,,2013/10/25,0.008439479
,,,,,,,,,,,,,,,,,-0.034845375,,,,,,,73418.3099,172894.2619,0.015238499,0.00485826,,2013/11/1,0.009103294
,,,,,,,,,,,,,,,,,0.010950335,,,,,,,73731.5903,118848.8647,0.0109242,-0.014941803,,2013/11/8,0.006282017
,,,,,,,,,,,,,,,,,0.023474863,,,,,,,76083.5404,129708.9745,0.011919242,-0.024276608,,2013/11/15,0.007074748
,,,,,,,,,,,,,,,,,0.011514792,,,,,,,76026.3202,198310.4478,0.020029442,0.034682256,,2013/11/22,0.010808361
,,,,,,,,,,,,,,,,,0.00833389,,,,,,,77171.5008,144658.9594,0.013760417,0.035259963,,2013/11/29,0.008002995
,,,,,,,,,,,,,,,,,-0.029156755,,,,,,,75000.5092,208671.3419,0.019793778,0.019944645,,2013/12/6,0.011215839
,,,,,,,,,,,,,,,,,-0.054719905,,,,,,,71526.559,134837.089,0.012620583,-0.021065854,,2013/12/13,0.006911165
,,,,,,,,,,,,,,,,,0.008330878,,,,,,,72073.9201,127824.4306,0.012021843,-0.082281205,,2013/12/20,0.006604628
,,,,,,,,,,,,,,,,,-0.009130311,,,,,,,71138.4497,113610.044,0.010194061,-0.046844892,,2013/12/27,0.005793987
,,,,,,,,,,,,,,,,,-0.024607651,,,,,,,69729.7906,113462.2352,0.010217495,-0.000875497,,2014/1/3,0.005666486
,,,,,,,,,,,,,,,,,-0.015082081,,,,,,,69548.2395,131402.6044,0.011544159,-0.033513286,,2014/1/10,0.006544223
,,,,,,,,,,,,,,,,,0.017886101,,,,,,,69961.44,121410.7528,0.010242234,-0.039318597,,2014/1/17,0.006082699
,,,,,,,,,,,,,,,,,-0.016457344,,,,,,,69124.5792,124439.9807,0.010765168,0.00253426,,2014/1/24,0.006159866
,,,,,,,,,,,,,,,,,-0.001355134,,,,,,,69015.2094,89148.44356,0.007927168,0.001134399,,2014/1/30,0.004405928
,,,,,,,,,,,,,,,,,0.039920208,,,,,,,70484.3889,19615.98904,0.001806531,-0.017790176,,2014/2/7,0.000990107
,,,,,,,,,,,,,,,,,-0.018841914,,,,,,,70792.0696,196033.5116,0.01633693,0.038510977,,2014/2/14,0.009938003
,,,,,,,,,,,,,,,,,-0.027243178,,,,,,,69539.1897,207408.8016,0.017234312,0.020326121,,2014/2/21,0.010303799
,,,,,,,,,,,,,,,,,-0.005965905,,,,,,,69390.2997,197026.7942,0.016100882,-0.045571779,,2014/2/28,0.009767077
,,,,,,,,,,,,,,,,,-0.020053793,,,,,,,67846.5698,184435.8563,0.014482483,-0.033046553,,2014/3/7,0.008939512
,,,,,,,,,,,,,,,,,0.02641975,,,,,,,69650.3397,162335.1925,0.012472837,-0.025900059,,2014/3/14,0.008076077
,,,,,,,,,,,,,,,,,0.005441643,,,,,,,69996.0297,161458.2448,0.012704204,0.005836141,,2014/3/21,0.008072294
,,,,,,,,,,,,,,,,,0.012422837,,,,,,,70545.209,197426.843,0.015589445,0.03200516,,2014/3/28,0.009947472
,,,,,,,,,,,,,,,,,0.050306844,,,,,,,73454.4092,138168.8426,0.011388104,0.01793208,,2014/4/4,0.007247399
,,,,,,,,,,,,,,,,,-0.028128649,,,,,,,71648.1487,214814.5511,0.019703401,0.063354635,,2014/4/11,0.010990636
,,,,,,,,,,,,,,,,,-0.013299344,,,,,,,70545.0097,141536.0568,0.012666498,0.020763131,,2014/4/18,0.007129968
,,,,,,,,,,,,,,,,,-0.004155769,,,,,,,70517.7994,139070.1012,0.011916781,-0.041053901,,2014/4/25,0.007003041
,,,,,,,,,,,,,,,,,-0.009413249,,,,,,,70177.6497,81529.58705,0.006598216,-0.017399844,,2014/4/30,0.004085716
,,,,,,,,,,,,,,,,,0.004726025,,,,,,,70875.01,120887.4186,0.009494195,-0.013529898,,2014/5/9,0.006118267
,,,,,,,,,,,,,,,,,-0.002258467,,,,,,,71159.2292,130957.6987,0.010436972,-0.004731711,,2014/5/16,0.006653869
,,,,,,,,,,,,,,,,,-0.001535326,,,,,,,71268.2501,94720.53531,0.007685024,0.002456885,,2014/5/23,0.004807806
,,,,,,,,,,,,,,,,,-0.006631149,,,,,,,71078.8706,95748.56976,0.007919599,-0.003790326,,2014/5/30,0.004847072
,,,,,,,,,,,,,,,,,0.020847427,,,,,,,72728.7296,70783.71819,0.006210627,-0.008156295,,2014/6/6,0.003666452
,,,,,,,,,,,,,,,,,-0.012297059,,,,,,,71269.5098,114203.2999,0.009402997,0.014078035,,2014/6/13,0.00579681
,,,,,,,,,,,,,,,,,-0.00722341,,,,,,,70525.4304,122434.5027,0.009538615,0.008294006,,2014/6/20,0.006149732
,,,,,,,,,,,,,,,,,0.012693417,,,,,,,70648.45,94539.44566,0.007789756,-0.019431642,,2014/6/27,0.004741435
,,,,,,,,,,,,,,,,,-0.016028538,,,,,,,70060.0504,116359.7122,0.009226752,0.005378318,,2014/7/4,0.005783643
,,,,,,,,,,,,,,,,,0.006955202,,,,,,,70497.1503,118039.1855,0.009519616,-0.003538578,,2014/7/11,0.005903726
,,,,,,,,,,,,,,,,,0.052922898,,,,,,,73311.8398,140947.1189,0.010695622,-0.009184817,,2014/7/18,0.007317959
,,,,,,,,,,,,,,,,,0.032728651,,,,,,,75433.4707,193146.3071,0.016040424,0.06024619,,2014/7/25,0.010318348
,,,,,,,,,,,,,,,,,-0.00765684,,,,,,,74767.0905,316743.5157,0.025533148,0.087383644,,2014/8/1,0.016771703
,,,,,,,,,,,,,,,,,0.010241517,,,,,,,75469.0101,231303.3771,0.01925705,0.024821212,,2014/8/8,0.012362593
,,,,,,,,,,,,,,,,,-0.011055183,,,,,,,74854.8997,184604.048,0.015763146,0.002506259,,2014/8/15,0.009786342
,,,,,,,,,,,,,,,,,-0.008091292,,,,,,,74419.0401,174727.9645,0.014806907,-0.000926888,,2014/8/22,0.009205971
,,,,,,,,,,,,,,,,,0.047400088,,,,,,,77560.2697,140980.8674,0.01142599,-0.019057025,,2014/8/29,0.007741455
,,,,,,,,,,,,,,,,,-0.015718161,,,,,,,76561.4301,221774.7262,0.018886175,0.038925268,,2014/9/5,0.012021127
,,,,,,,,,,,,,,,,,-0.006516362,,,,,,,76218.9399,163857.5466,0.014392671,0.030936884,,2014/9/12,0.008842039
,,,,,,,,,,,,,,,,,-0.002156731,,,,,,,75705.3311,235920.6603,0.018807442,-0.022132098,,2014/9/19,0.012637748
,,,,,,,,,,,,,,,,,0.00223317,,,,,,,75766.8908,215184.872,0.01792679,-0.008659039,,2014/9/26,0.011536212
,,,,,,,,,,,,,,,,,0.001244677,,,,,,,75664.4604,95929.66846,0.00768007,7.16E-05,,2014/9/30,0.005134531
,,,,,,,,,,,,,,,,,-0.008137691,,,,,,,74958.5297,154726.3953,0.01239416,0.003480627,,2014/10/10,0.008204296
,,,,,,,,,,,,,,,,,-0.01560258,,,,,,,74158.4405,262159.6391,0.021048759,-0.006903143,,2014/10/17,0.01375252
,,,,,,,,,,,,,,,,,0.046650318,,,,,,,77706.8198,191980.7983,0.015701456,-0.023613303,,2014/10/24,0.010552924
,,,,,,,,,,,,,,,,,-0.010235409,,,,,,,76681.87,294315.7242,0.023643453,0.030319872,,2014/10/31,0.015964747
,,,,,,,,,,,,,,,,,0.053941815,,,,,,,80686.8499,342852.6288,0.02660669,0.035937424,,2014/11/7,0.019568887
,,,,,,,,,,,,,,,,,-0.008152452,,,,,,,79386.9599,537311.2077,0.045397019,0.04315429,,2014/11/14,0.030162653
,,,,,,,,,,,,,,,,,0.116479687,,,,,,,87841.9197,279079.8742,0.024902716,0.045349605,,2014/11/21,0.017335038
,,,,,,,,,,,,,,,,,0.149293266,,,,,,,101465.5089,534510.1147,0.049441197,0.107377639,,2014/11/28,0.038344688
,,,,,,,,,,,,,,,,,-0.003166,,,,,,,97057.5704,925938.2666,0.094550041,0.283162585,,2014/12/5,0.063492956
,,,,,,,,,,,,,,,,,0.089816335,,,,,,,105856.7198,865276.5367,0.10213099,0.145654604,,2014/12/12,0.064712393
,,,,,,,,,,,,,,,,,0.031184213,,,,,,,110112.6194,713165.968,0.088217815,0.086365977,,2014/12/19,0.055442107
,,,,,,,,,,,,,,,,,0.04736575,,,,,,,117960.9782,636695.1304,0.075238196,0.123801399,,2014/12/26,0.053025151
,,,,,,,,,,,,,,,,,-0.004860614,,,,,,,121006.1601,403881.4888,0.052249843,0.080027026,,2014/12/31,0.034168311
,,,,,,,,,,,,,,,,,0.032703145,,,,,,,126622.3496,599231.2624,0.078724106,0.042274909,,2015/1/9,0.053038549
,,,,,,,,,,,,,,,,,-0.033365573,,,,,,,124125.469,424779.3199,0.059538109,0.027683574,,2015/1/16,0.036855364
,,,,,,,,,,,,,,,,,-0.062052303,,,,,,,114851.2103,578749.5032,0.07731481,-0.001753588,,2015/1/23,0.046410109
,,,,,,,,,,,,,,,,,-0.033316565,,,,,,,109331.5716,417880.0618,0.054019951,-0.093347466,,2015/1/30,0.03189493
,,,,,,,,,,,,,,,,,0.043966625,,,,,,,113701.9405,380052.6817,0.048194488,-0.093301499,,2015/2/6,0.030103551
,,,,,,,,,,,,,,,,,0.007326958,,,,,,,114224.1003,295699.623,0.038670984,0.009185243,,2015/2/13,0.023458772
,,,,,,,,,,,,,,,,,0.011996679,,,,,,,116126.2304,105590.8631,0.013486358,0.051615725,,2015/2/17,0.008516348
,,,,,,,,,,,,,,,,,-0.041611658,,,,,,,110023.4099,222085.799,0.027404849,0.019411536,,2015/2/27,0.016970813
,,,,,,,,,,,,,,,,,0.052138978,,,,,,,116926.9807,330291.6467,0.04214635,-0.03011418,,2015/3/6,0.026748483
,,,,,,,,,,,,,,,,,0.07430117,,,,,,,124464.03,388618.0079,0.047086042,0.008357731,,2015/3/13,0.033261153
,,,,,,,,,,,,,,,,,0.003193594,,,,,,,125528.4208,534965.5582,0.070285318,0.130314135,,2015/3/20,0.046135137
,,,,,,,,,,,,,,,,,0.047575151,,,,,,,129594.1308,525712.2431,0.069078294,0.077732051,,2015/3/27,0.046719541
,,,,,,,,,,,,,,,,,0.060139551,,,,,,,136493.1699,525779.1907,0.071025539,0.050920681,,2015/4/3,0.049212798
,,,,,,,,,,,,,,,,,0.083280849,,,,,,,148439.5203,443260.4731,0.065026346,0.11057585,,2015/4/10,0.045120332
,,,,,,,,,,,,,,,,,-0.003515559,,,,,,,146737.1294,606726.713,0.082659446,0.148428873,,2015/4/17,0.061051576
,,,,,,,,,,,,,,,,,0.008229636,,,,,,,149513.5381,678477.5278,0.10617135,0.079472511,,2015/4/24,0.069563519
,,,,,,,,,,,,,,,,,-0.043081197,,,,,,,141275.6894,537434.5729,0.08080852,0.004685145,,2015/4/30,0.052066306
,,,,,,,,,,,,,,,,,-0.016088964,,,,,,,139111.3596,477738.8187,0.074672162,-0.035206104,,2015/5/8,0.045532664
,,,,,,,,,,,,,,,,,0.061574736,,,,,,,146091.3499,408797.0427,0.060467174,-0.05847703,,2015/5/15,0.040620969
,,,,,,,,,,,,,,,,,-0.042329067,,,,,,,142066.7897,399518.1226,0.061969768,0.044495098,,2015/5/22,0.038605314
,,,,,,,,,,,,,,,,,0.061920064,,,,,,,152261.2607,503076.4487,0.0795724,0.016639268,,2015/5/29,0.051598975
,,,,,,,,,,,,,,,,,0.014001262,,,,,,,153738.3599,505302.9514,0.072655046,0.016969979,,2015/6/5,0.05233397
,,,,,,,,,,,,,,,,,-0.133479969,,,,,,,133810.5795,678072.9897,0.103818642,0.076788284,,2015/6/12,0.061124665
,,,,,,,,,,,,,,,,,-0.057305799,,,,,,,129124.3813,582378.7719,0.079812437,-0.121347596,,2015/6/19,0.050644471
,,,,,,,,,,,,,,,,,-0.056429014,,,,,,,126994.5206,488775.133,0.065629425,-0.183136592,,2015/6/26,0.041698122
,,,,,,,,,,,,,,,,,0.122428905,,,,,,,144569.3797,688234.5266,0.084337067,-0.110501103,,2015/7/3,0.066839806
,,,,,,,,,,,,,,,,,-0.031515555,,,,,,,138834.2016,1181291.836,0.135787251,0.059091349,,2015/7/10,0.110169982
,,,,,,,,,,,,,,,,,-0.023519584,,,,,,,136589.6583,643639.345,0.076715399,0.087054935,,2015/7/17,0.058860342
,,,,,,,,,,,,,,,,,-0.102079354,,,,,,,121839.4705,484945.1065,0.063498202,-0.054293906,,2015/7/24,0.039558689
,,,,,,,,,,,,,,,,,0.017290471,,,,,,,122268.5602,434892.9219,0.051841503,-0.123198073,,2015/7/31,0.035472059
,,,,,,,,,,,,,,,,,0.029252383,,,,,,,125065.7186,257751.4339,0.031124177,-0.086553882,,2015/8/7,0.021504039
,,,,,,,,,,,,,,,,,-0.118616412,,,,,,,112298.6585,380757.6321,0.049554332,0.047048642,,2015/8/14,0.028523568
,,,,,,,,,,,,,,,,,-0.049045968,,,,,,,106195.9294,385779.6239,0.045034236,-0.092833841,,2015/8/21,0.027329256
,,,,,,,,,,,,,,,,,0.038738253,,,,,,,111714.0494,528122.5496,0.050485362,-0.161844723,,2015/8/28,0.039186101
,,,,,,,,,,,,,,,,,-0.021500862,,,,,,,107508.5602,410725.2885,0.03891924,-0.01220767,,2015/9/2,0.029328107
,,,,,,,,,,,,,,,,,0.001639344,,,,,,,107273.329,292591.5835,0.030039107,0.016404486,,2015/9/11,0.020846979
,,,,,,,,,,,,,,,,,-0.007087799,,,,,,,106508.5308,270601.2559,0.028405092,-0.019896766,,2015/9/18,0.019142725
,,,,,,,,,,,,,,,,,-0.017077005,,,,,,,103967.7599,168097.0045,0.018400621,-0.005460075,,2015/9/25,0.011607735
,,,,,,,,,,,,,,,,,0.034096914,,,,,,,107491.3198,65845.41257,0.006814616,-0.024043766,,2015/9/30,0.004700973
,,,,,,,,,,,,,,,,,0.047078485,,,,,,,112196.1593,64521.68457,0.007149366,0.016437636,,2015/10/9,0.004808089
,,,,,,,,,,,,,,,,,0.008688449,,,,,,,113138.9805,219492.1749,0.023939237,0.08278063,,2015/10/16,0.016453008
,,,,,,,,,,,,,,,,,-0.013221614,,,,,,,111567.7198,269883.2579,0.029610893,0.056175973,,2015/10/23,0.019949339
,,,,,,,,,,,,,,,,,0.078042382,,,,,,,118186.9994,174986.8649,0.020707326,-0.00464804,,2015/10/30,0.013702164
,,,,,,,,,,,,,,,,,-0.018332181,,,,,,,115986.1696,321901.2597,0.038732901,0.063788922,,2015/11/6,0.024737813
,,,,,,,,,,,,,,,,,0.007755621,,,,,,,116976.8194,345773.1686,0.04240043,0.058279514,,2015/11/13,0.026799304
,,,,,,,,,,,,,,,,,-0.053640063,,,,,,,111081.8206,234520.9176,0.028708481,-0.010718737,,2015/11/20,0.017260644
,,,,,,,,,,,,,,,,,0.027039461,,,,,,,114930.7401,198846.5974,0.023961864,-0.046300454,,2015/11/27,0.015142123
,,,,,,,,,,,,,,,,,-0.022985433,,,,,,,111814.95,273448.2428,0.027652308,-0.028051,,2015/12/4,0.020258507
,,,,,,,,,,,,,,,,,0.03431531,,,,,,,115014.0104,134763.3627,0.015077136,0.003432515,,2015/12/11,0.010269635
,,,,,,,,,,,,,,,,,0.028685816,,,,,,,116924.8505,178395.2514,0.021438986,0.010541125,,2015/12/18,0.013819932
,,,,,,,,,,,,,,,,,-0.028701989,,,,,,,114001.2606,237747.907,0.029809218,0.063985489,,2015/12/25,0.017957346
,,,,,,,,,,,,,,,,,-0.083108442,,,,,,,107530.7308,124793.4242,0.014674476,-0.000839512,,2015/12/31,0.008890785
,,,,,,,,,,,,,,,,,-0.066986482,,,,,,,100535.6006,182416.1172,0.019293289,-0.109425053,,2016/1/8,0.012127564
,,,,,,,,,,,,,,,,,-0.004329412,,,,,,,100167.0903,186613.5978,0.018677704,-0.144527782,,2016/1/15,0.012360475
,,,,,,,,,,,,,,,,,-0.04314187,,,,,,,96428.5692,170767.9792,0.016613577,-0.071025882,,2016/1/22,0.01088877
,,,,,,,,,,,,,,,,,-0.002912157,,,,,,,95225.3698,175115.7337,0.015722528,-0.047284502,,2016/1/29,0.011026673
,,,,,,,,,,,,,,,,,0.018730117,,,,,,,96784.0411,124956.4273,0.011331502,-0.04592839,,2016/2/5,0.007997036
,,,,,,,,,,,,,,,,,-0.024305694,,,,,,,95356.7999,143096.2104,0.012869652,0.015763415,,2016/2/19,0.009022887
,,,,,,,,,,,,,,,,,0.085340238,,,,,,,103055.2393,156159.6675,0.014041932,-0.006030826,,2016/2/26,0.010641678
,,,,,,,,,,,,,,,,,-0.024287824,,,,,,,101028.7896,248608.3838,0.022771064,0.05896029,,2016/3/4,0.016608564
,,,,,,,,,,,,,,,,,0.034023609,,,,,,,103569.4905,156862.6226,0.014705568,0.058979686,,2016/3/11,0.010742923
,,,,,,,,,,,,,,,,,0.003748638,,,,,,,103441.601,222810.5992,0.021820853,0.008909426,,2016/3/18,0.015240606
,,,,,,,,,,,,,,,,,0.008644364,,,,,,,104650.4606,210896.874,0.022927524,0.03789979,,2016/3/25,0.01457347
,,,,,,,,,,,,,,,,,-0.02028723,,,,,,,102931.511,149983.2971,0.014965469,0.012425407,,2016/4/1,0.01019396
,,,,,,,,,,,,,,,,,0.027433133,,,,,,,105332.16,110013.8742,0.010739091,-0.011818237,,2016/4/8,0.007651739
,,,,,,,,,,,,,,,,,-0.011156029,,,,,,,103593.1804,144234.2878,0.014950916,0.006589361,,2016/4/15,0.009866233
,,,,,,,,,,,,,,,,,-0.01029548,,,,,,,102680.4214,137508.5377,0.014323984,0.015971059,,2016/4/22,0.009323245
,,,,,,,,,,,,,,,,,-0.013345673,,,,,,,101384.3697,79329.59118,0.008530451,-0.021336653,,2016/4/29,0.005310752
,,,,,,,,,,,,,,,,,-0.014627845,,,,,,,99957.3899,82697.07231,0.008560543,-0.023503753,,2016/5/6,0.005458268
,,,,,,,,,,,,,,,,,0.003337607,,,,,,,100183.8401,92292.36063,0.009062665,-0.027778299,,2016/5/13,0.006105387
,,,,,,,,,,,,,,,,,-0.0039354,,,,,,,100309.9899,79162.10248,0.00762639,-0.01133906,,2016/5/20,0.00524338
,,,,,,,,,,,,,,,,,0.037455574,,,,,,,103576.0601,60412.27571,0.00574781,-0.000610927,,2016/5/27,0.0041279
,,,,,,,,,,,,,,,,,-0.009139396,,,,,,,103025.05,117177.5884,0.011786867,0.033372771,,2016/6/3,0.007964012
,,,,,,,,,,,,,,,,,-0.014422379,,,,,,,101651.399,43416.14521,0.004530437,0.027973856,,2016/6/8,0.002911449
,,,,,,,,,,,,,,,,,-0.012320756,,,,,,,100601.6899,91199.82288,0.008990884,-0.023429963,,2016/6/17,0.006051069
,,,,,,,,,,,,,,,,,0.024463711,,,,,,,103570.9999,78429.26406,0.0075645,-0.02656544,,2016/6/24,0.005350756
,,,,,,,,,,,,,,,,,0.010186057,,,,,,,103552.3505,96588.55595,0.009630094,0.011841544,,2016/7/1,0.00656273
,,,,,,,,,,,,,,,,,0.020306264,,,,,,,105941.8003,126526.7407,0.012446468,0.034898957,,2016/7/8,0.008795432
,,,,,,,,,,,,,,,,,-0.016038359,,,,,,,104457.4502,151143.4031,0.01498891,0.030699162,,2016/7/15,0.010323956
,,,,,,,,,,,,,,,,,-0.000923777,,,,,,,104677.2496,97761.62957,0.009674737,0.003942226,,2016/7/22,0.006686285
,,,,,,,,,,,,,,,,,-0.003042262,,,,,,,104570.5115,110412.7276,0.010747573,-0.01694732,,2016/7/29,0.00754383
,,,,,,,,,,,,,,,,,0.034349663,,,,,,,107928.7891,73358.08885,0.006893443,-0.003963228,,2016/8/5,0.005173083
,,,,,,,,,,,,,,,,,0.012082448,,,,,,,108720.6297,108541.2054,0.010571059,0.031202901,,2016/8/12,0.007710291
,,,,,,,,,,,,,,,,,-0.013351241,,,,,,,107762.0799,202877.2544,0.021260091,0.046847139,,2016/8/19,0.014284447
,,,,,,,,,,,,,,,,,0.004768599,,,,,,,108362.4001,97440.45804,0.009458395,-0.001430109,,2016/8/26,0.006898935
,,,,,,,,,,,,,,,,,-0.000261582,,,,,,,108058.0302,88923.05627,0.009259159,-0.008646308,,2016/9/2,0.006278205
,,,,,,,,,,,,,,,,,-0.023678496,,,,,,,105422.1292,87978.26861,0.008916711,0.00450577,,2016/9/9,0.006059981
,,,,,,,,,,,,,,,,,0.009082054,,,,,,,106570.0906,63512.63438,0.006155055,-0.023933884,,2016/9/14,0.004422416
,,,,,,,,,,,,,,,,,-0.008622676,,,,,,,105761.0991,61204.68447,0.005998675,-0.014811491,,2016/9/23,0.004229361
,,,,,,,,,,,,,,,,,0.014908978,,,,,,,107296.5899,55852.61289,0.005509313,0.000381066,,2016/9/30,0.003915557
,,,,,,,,,,,,,,,,,0.013998958,,,,,,,108865.4903,90210.15083,0.007916819,0.006157747,,2016/10/14,0.006417044
,,,,,,,,,,,,,,,,,0.005824881,,,,,,,109262.0899,127961.3946,0.011097998,0.029116646,,2016/10/21,0.009135616
,,,,,,,,,,,,,,,,,0.00804179,,,,,,,109491.3897,146902.0226,0.014073138,0.019905381,,2016/10/28,0.010509861
,,,,,,,,,,,,,,,,,0.016066762,,,,,,,111159.0707,127021.7564,0.012543326,0.013913514,,2016/11/4,0.009225974
,,,,,,,,,,,,,,,,,-0.00050021,,,,,,,111224.6215,168514.4939,0.016490061,0.024237758,,2016/11/11,0.012246935
,,,,,,,,,,,,,,,,,0.037564804,,,,,,,115386.8901,172197.5857,0.016424577,0.015558515,,2016/11/18,0.012977839
,,,,,,,,,,,,,,,,,0.009424313,,,,,,,116988.9302,221432.2403,0.020989443,0.037045804,,2016/11/25,0.01692016
,,,,,,,,,,,,,,,,,-0.002149093,,,,,,,116974.2306,334087.9089,0.03411182,0.04734314,,2016/12/2,0.025525238
,,,,,,,,,,,,,,,,,-0.04520323,,,,,,,112355.7996,230383.8715,0.021764303,0.007254966,,2016/12/9,0.016906995
,,,,,,,,,,,,,,,,,-0.010353621,,,,,,,112632.9806,205747.7373,0.020365763,-0.047255177,,2016/12/16,0.015133826
,,,,,,,,,,,,,,,,,0.003695669,,,,,,,112074.9097,139849.2164,0.013388146,-0.055088835,,2016/12/23,0.010235676
,,,,,,,,,,,,,,,,,0.009636589,,,,,,,114883.7006,110811.1737,0.010963899,-0.006696216,,2016/12/30,0.008313618
,,,,,,,,,,,,,,,,,-0.000381604,,,,,,,114967.0097,91319.37873,0.009261536,0.013367872,,2017/1/6,0.006856213
,,,,,,,,,,,,,,,,,0.016952671,,,,,,,116538.6597,109137.2102,0.010498763,0.009251307,,2017/1/13,0.008305981
,,,,,,,,,,,,,,,,,0.007175197,,,,,,,118162.2703,116252.0808,0.01163483,0.016564597,,2017/1/20,0.008970724
,,,,,,,,,,,,,,,,,-0.010166985,,,,,,,117070.5008,64791.85575,0.006634514,0.024249507,,2017/1/26,0.004949298
,,,,,,,,,,,,,,,,,0.012048773,,,,,,,118345.67,12265.7221,0.001359808,-0.003064738,,2017/2/3,0.000947133
,,,,,,,,,,,,,,,,,-0.002311814,,,,,,,118214.8004,111487.0148,0.011713,0.001759288,,2017/2/10,0.008599266
,,,,,,,,,,,,,,,,,0.011499006,,,,,,,119792.8497,132311.9213,0.014024077,0.009709104,,2017/2/17,0.010341776
,,,,,,,,,,,,,,,,,-0.017880331,,,,,,,117655.5494,128265.9533,0.01327762,0.009160608,,2017/2/24,0.009812134
,,,,,,,,,,,,,,,,,-0.003370775,,,,,,,117236.9595,95558.66638,0.010192484,-0.006586932,,2017/3/3,0.007284073
,,,,,,,,,,,,,,,,,0.003302919,,,,,,,117791.88,93684.77522,0.009416749,-0.021190836,,2017/3/10,0.007175035
,,,,,,,,,,,,,,,,,0.007943935,,,,,,,119188.7003,105504.5023,0.01116791,-7.90E-05,,2017/3/17,0.008176092
,,,,,,,,,,,,,,,,,-0.002473913,,,,,,,119594.3802,130242.3389,0.015112773,0.011273092,,2017/3/24,0.010120274
,,,,,,,,,,,,,,,,,0.012085762,,,,,,,121402.4009,123507.8968,0.013197307,0.005450369,,2017/3/31,0.009742072
,,,,,,,,,,,,,,,,,-0.013713266,,,,,,,120094.4605,96298.42585,0.0103422,0.009581949,,2017/4/7,0.007514005
,,,,,,,,,,,,,,,,,-0.003330856,,,,,,,119225.4908,126827.909,0.014287299,-0.001793239,0.008688449,2017/4/14,0.009824816
,,,,,,,,,,,,,,,,,-0.000270651,,,,,,,119696.6602,110027.9471,0.012419587,-0.016998445,-0.013221614,2017/4/21,0.008557078
,,,,,,,,,,,,,,,,,-0.011264022,,,,,,,118386.2407,107710.4318,0.012520688,-0.003600606,0.078042382,2017/4/28,0.008285133
,,,,,,,,,,,,,,,,,0.023635031,,,,,,,121197.3793,71523.40298,0.008106365,-0.011531624,-0.018332181,2017/5/5,0.005632249
,,,,,,,,,,,,,,,,,-0.005804333,,,,,,,120224.0899,108487.8988,0.012603811,0.012104783,0.007755621,2017/5/12,0.008474494
,,,,,,,,,,,,,,,,,0.046387891,,,,,,,125509.6912,79347.24406,0.009598809,0.017693512,-0.053640063,2017/5/19,0.006468865
,,,,,,,,,,,,,,,,,0.0017196,,,,,,,126331.3687,127860.7116,0.014905846,0.040314307,0.027039461,2017/5/26,0.010448202
,,,,,,,,,,,,,,,,,0.017697493,,,,,,,127017.0642,66375.98068,0.008123717,0.048187259,-0.022985433,2017/6/2,0.005451065
,,,,,,,,,,,,,,,,,-0.026389834,,,,,,,123672.3122,104458.1068,0.012504498,0.019447526,0.03431531,2017/6/9,0.008352624
,,,,,,,,,,,,,,,,,0.031110859,,,,,,,126769.7767,80674.18723,0.011048162,-0.009159375,0.028685816,2017/6/16,0.006612393
,,,,,,,,,,,,,,,,,0.008251676,,,,,,,127748.5817,103224.0572,0.013589892,0.003900014,-0.028701989,2017/6/23,0.008520552
,,,,,,,,,,,,,,,,,-0.002474541,,,,,,,127758.7206,104359.2041,0.013273584,0.039619252,-0.083108442,2017/6/30,0.00861308
,,,,,,,,,,,,,,,,,0.031185762,,,,,,,130154.2454,82366.64173,0.011545328,0.005756716,-0.066986482,2017/7/7,0.006925432
,,,,,,,,,,,,,,,,,0.006187344,,,,,,,132015.3269,130946.0281,0.015843916,0.02863405,-0.004329412,2017/7/14,0.011145548
,,,,,,,,,,,,,,,,,-0.001068159,,,,,,,132678.1538,163015.6697,0.020048692,0.037566062,-0.04314187,2017/7/21,0.013937775
,,,,,,,,,,,,,,,,,-0.003258656,,,,,,,132908.2414,116842.8868,0.014166211,0.005112575,-0.002912157,2017/7/28,0.010007319
,,,,,,,,,,,,,,,,,-0.021898943,,,,,,,130440.0077,126085.3705,0.016732301,-0.004323335,0.018730117,2017/8/4,0.010598068
,,,,,,,,,,,,,,,,,0.016733038,,,,,,,131998.9068,106000.065,0.014064902,-0.025086238,-0.024305694,2017/8/11,0.009016285
,,,,,,,,,,,,,,,,,0.035579021,,,,,,,137506.4548,83516.53031,0.011158742,-0.005532341,0.085340238,2017/8/18,0.007400256
,,,,,,,,,,,,,,,,,0.001432429,,,,,,,136161.5371,116537.9103,0.014147774,0.052907404,-0.024287824,2017/8/25,0.01022522
,,,,,,,,,,,,,,,,,-0.008644898,,,,,,,136056.6887,162499.703,0.020364572,0.037062415,0.034023609,2017/9/1,0.014247001
,,,,,,,,,,,,,,,,,-0.006816566,,,,,,,134628.8266,109171.5769,0.014358112,-0.007224852,0.003748638,2017/9/8,0.009471061
,,,,,,,,,,,,,,,,,0.00400131,,,,,,,135631.4111,106395.6054,0.01428081,-0.015402536,0.008644364,2017/9/15,0.009298972
,,,,,,,,,,,,,,,,,-0.002510477,,,,,,,135718.7006,108093.5342,0.01384161,-0.002842531,-0.02028723,2017/9/22,0.009453451
,,,,,,,,,,,,,,,,,0.015360956,,,,,,,137135.8188,82538.45275,0.010428529,0.001480788,0.027433133,2017/9/29,0.007293873
,,,,,,,,,,,,,,,,,0.008942511,,,,,,,138830.8433,100308.249,0.01320139,0.012811916,-0.011156029,2017/10/13,0.008973742
,,,,,,,,,,,,,,,,,0.02799158,,,,,,,140900.6881,82705.64152,0.01093516,0.024440832,-0.01029548,2017/10/20,0.007509158
,,,,,,,,,,,,,,,,,-0.004904714,,,,,,,141305.3533,103208.2116,0.013276205,0.037184406,-0.013345673,2017/10/27,0.009397577
,,,,,,,,,,,,,,,,,0.022094301,,,,,,,142555.6845,142409.2001,0.017782044,0.022949575,-0.014627845,2017/11/3,0.013081743
,,,,,,,,,,,,,,,,,0.026710668,,,,,,,145537.9137,140381.4888,0.018400855,0.01708122,0.003337607,2017/11/10,0.013165247
,,,,,,,,,,,,,,,,,-0.000668436,,,,,,,145908.831,149404.4353,0.020478075,0.049395123,-0.0039354,2017/11/17,0.014020707
,,,,,,,,,,,,,,,,,-0.032228517,,,,,,,142258.9975,206990.393,0.028765793,0.026024378,0.037455574,2017/11/24,0.018938902
,,,,,,,,,,,,,,,,,0.008147467,,,,,,,142451.4335,128800.5052,0.018080073,-0.03287541,-0.009139396,2017/12/1,0.01180074
,,,,,,,,,,,,,,,,,-0.015765699,,,,,,,140350.0412,122202.465,0.017443072,-0.024343631,-0.014422379,2017/12/8,0.011031063
,,,,,,,,,,,,,,,,,0.021489298,,,,,,,143427.2342,88260.83045,0.0127207,-0.007746683,-0.012320756,2017/12/15,0.008141876
,,,,,,,,,,,,,,,,,-0.007057141,,,,,,,144053.1255,81697.84903,0.012292056,0.005384805,0.024463711,2017/12/22,0.007569343
,,,,,,,,,,,,,,,,,0.025142985,,,,,,,147780.2123,100444.2189,0.014583183,0.014280504,0.010186057,2017/12/29,0.009546982
,,,,,,,,,,,,,,,,,0.029409759,,,,,,,151815.4468,128893.0712,0.016751599,0.017908406,0.020306264,2018/1/5,0.012585498
,,,,,,,,,,,,,,,,,0.032869542,,,,,,,158420.0223,149555.4606,0.020602353,0.055292193,-0.016038359,2018/1/12,0.015238324
,,,,,,,,,,,,,,,,,0.017627701,,,,,,,162725.444,247644.0298,0.032329603,0.063245986,-0.000923777,2018/1/19,0.025908117
,,,,,,,,,,,,,,,,,-0.007293289,,,,,,,163098.1428,268437.7783,0.03277679,0.051076658,-0.003042262,2018/1/26,0.028136477
,,,,,,,,,,,,,,,,,-0.107825021,,,,,,,145116.9748,212172.4756,0.027826448,0.010205849,0.034349663,2018/2/2,0.019787192
,,,,,,,,,,,,,,,,,0.021978413,,,,,,,147484.3731,291555.097,0.036531574,-0.114331911,0.012082448,2018/2/9,0.027633986
,,,,,,,,,,,,,,,,,0.029730586,,,,,,,151878.4966,77866.20993,0.009527476,-0.088216431,-0.013351241,2018/2/14,0.007600092
,,,,,,,,,,,,,,,,,-0.031445605,,,,,,,146602.0209,52867.78554,0.006484611,0.05236243,0.004768599,2018/2/23,0.004980863
,,,,,,,,,,,,,,,,,0.015369146,,,,,,,147619.7741,133669.7622,0.016087329,-0.002649915,-0.000261582,2018/3/2,0.012680934
,,,,,,,,,,,,,,,,,-0.012884258,,,,,,,145875.7396,120613.5513,0.01453443,-0.016559751,-0.023678496,2018/3/9,0.011307139
,,,,,,,,,,,,,,,,,-0.027609702,,,,,,,143252.7936,118623.2755,0.014463797,0.002286867,0.009082054,2018/3/16,0.01093395
,,,,,,,,,,,,,,,,,-0.024832794,,,,,,,139210.3793,129078.1297,0.016981223,-0.04013823,-0.008622676,2018/3/23,0.011546794
,,,,,,,,,,,,,,,,,-0.007266315,,,,,,,137146.6311,138955.799,0.018490909,-0.05175687,0.014908978,2018/3/30,0.012246132
,,,,,,,,,,,,,,,,,0.008892195,,,,,,,139034.2961,64774.76531,0.008406369,-0.031918667,0.013998958,2018/4/4,0.005787152
,,,,,,,,,,,,,,,,,-0.028983275,,,,,,,135921.9138,111260.247,0.013698926,0.001561266,,2018/4/13,0.009705916
,,,,,,,,,,,,,,,,,0.002326829,,,,,,,136945.9479,109242.9074,0.013600323,-0.020348805,,2018/4/20,0.00960173
,,,,,,,,,,,,,,,,,-0.002709588,,,,,,,136621.0289,102602.2254,0.013639774,-0.026723885,,2018/4/27,0.008996661
,,,,,,,,,,,,,,,,,0.029614375,,,,,,,140846.3419,52286.35264,0.007006004,-0.000389064,,2018/5/4,0.004726514
,,,,,,,,,,,,,,,,,0.005802431,,,,,,,142382.4983,85414.53581,0.011758709,0.026824544,,2018/5/11,0.007805405
,,,,,,,,,,,,,,,,,-0.028914115,,,,,,,137535.5845,80757.84634,0.01069196,0.035588641,,2018/5/18,0.007128641
,,,,,,,,,,,,,,,,,-0.005298182,,,,,,,136529.4226,85115.98657,0.010182224,-0.023279456,,2018/5/25,0.007458281
,,,,,,,,,,,,,,,,,0.001847242,,,,,,,136623.22,85294.49313,0.011669601,-0.034059105,,2018/6/1,0.007475003
,,,,,,,,,,,,,,,,,0.005995294,,,,,,,137355.819,83597.51617,0.012971569,-0.003460728,,2018/6/8,0.007365551
,,,,,,,,,,,,,,,,,-0.031585694,,,,,,,133435.508,79274.65379,0.013186299,0.007853611,,2018/6/15,0.006785324
,,,,,,,,,,,,,,,,,-0.040174787,,,,,,,129762.6807,96866.39435,0.013924843,-0.025779765,,2018/6/22,0.008062776
,,,,,,,,,,,,,,,,,-0.031166454,,,,,,,126967.4824,95251.79417,0.013544862,-0.070491533,,2018/6/29,0.007680978
,,,,,,,,,,,,,,,,,0.030899601,,,,,,,129810.9949,96323.10198,0.013049987,-0.070089135,,2018/7/6,0.007867098
,,,,,,,,,,,,,,,,,0.006823155,,,,,,,130355.0176,87234.78551,0.011327505,-0.001229883,,2018/7/13,0.007154678
,,,,,,,,,,,,,,,,,0.012563358,,,,,,,132581.0769,82399.3043,0.011045476,0.037933589,,2018/7/20,0.00686575
,,,,,,,,,,,,,,,,,-0.044192484,,,,,,,128217.7174,124211.7878,0.01540048,0.019472235,,2018/7/27,0.01000907
,,,,,,,,,,,,,,,,,0.037170085,,,,,,,132220.4902,93228.95023,0.011796647,-0.032184332,,2018/8/3,0.00774698
,,,,,,,,,,,,,,,,,-0.05154981,,,,,,,126493.5051,98870.09448,0.012408491,-0.008665038,,2018/8/10,0.007859883
,,,,,,,,,,,,,,,,,0.041205979,,,,,,,130775.3312,80977.44279,0.009864479,-0.016295836,,2018/8/17,0.006655379
,,,,,,,,,,,,,,,,,0.001003236,,,,,,,131018.0484,78638.16723,0.010426102,-0.012467991,,2018/8/24,0.006475114
,,,,,,,,,,,,,,,,,-0.014871811,,,,,,,129427.0575,86864.38614,0.011185698,0.042250555,,2018/8/31,0.007065611
,,,,,,,,,,,,,,,,,-0.005029372,,,,,,,129764.0302,76640.37935,0.009842674,-0.013883495,,2018/9/7,0.006250214
,,,,,,,,,,,,,,,,,0.061094573,,,,,,,137165.4021,66242.27072,0.008675216,-0.019826388,,2018/9/14,0.005710349
,,,,,,,,,,,,,,,,,0.012849705,,,,,,,139236.8773,93546.9141,0.01155895,0.055757934,,2018/9/21,0.00818573
