 ,r,open,high,low,close,volume,rsrs,turnover,money,circulating_cap,MA5,MA10,MA20,MA60
2005/1/7,0.006588022,836.99,836.99,819.44,823.616,1287222000,,,7002409806,1977992,,,,
2005/1/14,0.003383423,823.766,845.548,820.996,829.042,1228604100,,,6405685334,1977992,,,,
2005/1/21,-0.013413524,821.189,835.236,798.354,831.847,2132623000,,9.27E-06,10504363919,1977992,,,,
2005/1/28,0.063599,847.07,851.244,816.539,820.689,1899294000,,-1.05E-05,10090154594,1977992,,,,
2005/2/4,-0.019099903,817.93,877.391,810.722,872.884,2754658900,,3.54E-05,15174200547,1977992,835.6156,,,
2005/2/18,0.02603444,877.97,884.986,855.416,856.212,1221301500,,7.01E-05,6829053581,1977992,842.1348,,,
2005/2/25,-0.021643637,856.954,889.982,856.954,878.503,3048243000,,4.18E-06,17322018137,1977992,852.027,,,
2005/3/4,-0.006505028,878.553,878.657,851.434,859.489,2030159400,,3.73E-06,11912156942,1977992,857.5554,,,
2005/3/11,-0.038494059,859.659,880.494,847.811,853.898,2528180800,,-2.19E-05,14342494740,1977992,864.1972,,,
2005/3/18,-0.017786239,853.355,865.822,818.8,821.028,2099561700,,-4.22E-05,12620353352,1977992,853.826,844.7208,,
2005/3/25,0.020442075,820.421,825.855,795.84,806.425,1737889900,,-6.33E-05,9429600284,1977992,843.8686,843.0017,,
2005/4/1,0.018405415,805.41,834.557,783.982,822.91,1888192900,,2.41E-06,10249560480,1984547,832.75,842.3885,,
2005/4/8,-0.025012648,814.585,840.371,796.365,838.056,2707069200,,2.88E-05,15708319932,1984547,828.4634,843.0094,,
2005/4/15,-0.027261245,838.29,842.477,814.976,817.094,2273186000,,-6.17E-06,12737978393,1984547,821.1026,842.6499,,
2005/4/22,-0.006400199,814.551,815.472,790.104,794.819,1758130800,,-6.40E-05,9924296942,2180800,815.8608,834.8434,,
2005/4/29,-0.041062031,792.944,798.212,773.383,789.732,2142335600,,-3.41E-05,11242238566,2180800,812.5222,828.1954,,
2005/5/13,-0.005589565,790.825,795.092,749.838,757.304,1946539100,,-5.29E-05,10499221304,2180800,799.401,816.0755,,
2005/5/20,-0.037910104,754.779,760.535,741.83,753.071,1579407100,0.855824967,-6.41E-05,7962338777,2180800,782.404,805.4337,,
2005/5/27,-0.033246748,749.827,749.827,723.321,724.522,1467158500,0.935188921,-6.43E-05,7034859676,2180800,763.8896,792.4961,,
2005/6/3,0.094554234,723.104,737.944,693.553,700.434,1602642700,0.931868827,-9.51E-05,7739160924,2180800,745.0126,780.4367,812.57875,
2005/6/10,-0.005850028,699.266,790.391,693.528,766.663,4705275000,0.755472907,2.70E-05,23438985169,2181604,740.3988,776.4605,809.7311,
2005/6/17,0.013305291,762.001,772.858,742.96,762.178,2921885200,0.769857402,6.58E-05,15207159126,2181604,741.3736,770.3873,806.3879,
2005/6/24,-0.031428723,764.102,781.812,759.338,772.319,2367486600,0.773607386,7.08E-06,10771663485,2271608,745.2232,763.8136,803.4115,
2005/7/1,-0.027391364,776.596,786.482,746.743,748.046,2251008500,0.760345746,-1.87E-05,10483703202,2271644,749.928,756.9088,799.77935,
2005/7/8,0.028812902,744.286,747.667,725.371,727.556,1468915000,0.75111454,-8.96E-05,7549267203,2271644,755.3524,750.1825,792.51295,
2005/7/15,0.026993303,734.719,759.27,721.854,748.519,2206168400,0.737048209,6.60E-07,10983525611,2301548,751.7236,746.0612,787.1283,
2005/7/22,0.025897461,746.768,774.805,743.132,768.724,2359569700,0.6817333,5.52E-05,11344487643,2301548,753.0328,747.2032,781.63935,
2005/7/29,0.030048235,767.302,797.395,764.159,788.632,3464087300,0.601019236,3.56E-05,16202997344,2302684,756.2954,750.7593,778.0965,
2005/8/5,0.012310283,788.217,812.655,786.878,812.329,2805464300,0.582979873,4.66E-05,13208868463,2304933,769.152,759.54,776.01805,
2005/8/12,-0.005647375,814.123,834.985,806.511,822.329,3865541200,0.589156047,2.55E-05,19153947570,2309245,788.1066,771.7295,776.0831,
2005/8/19,0.005518017,832.149,843.322,809.222,817.685,4914321300,0.597481435,3.23E-06,25462008321,2408539,801.9398,776.8317,776.6461,
2005/8/26,0.008837298,819.357,830.538,811.138,822.197,3501192100,0.570433358,-1.10E-07,17159002940,2408539,812.6344,782.8336,776.61045,
2005/9/2,-0.00702141,821.791,831.664,806.577,829.463,2601128900,0.587845031,1.33E-05,12904903371,2408539,820.8006,788.548,776.1808,
2005/9/9,0.008477015,829.773,832.454,812.989,823.639,3044565100,0.60559694,1.39E-06,15614724015,2408608,823.0626,796.1073,776.50805,
2005/9/16,-0.04509638,824.441,834.999,818.965,830.621,2510213000,0.621771423,1.34E-06,12451842965,2408608,824.721,806.4138,778.29815,
2005/9/23,0.000616519,831.04,833.1,789.936,793.163,2711620000,0.627052151,-3.29E-05,13584083903,2408608,819.8166,810.8782,778.4697,
2005/9/30,-0.020361569,793.307,796.475,780.765,793.652,1775292500,0.590035371,-6.06E-05,9087090422,2418138,814.1076,813.371,780.2871,
2005/10/14,-0.004416766,792.759,797.971,775.308,777.492,1522668300,0.531921096,-3.14E-05,8428498352,2418138,803.7134,812.257,781.50815,
2005/10/21,-0.031126866,776.262,777.857,764.426,774.058,1990139400,0.846721866,-3.00E-05,9726679936,2418138,793.7972,808.4299,783.98495,
2005/10/28,0.01194724,774.581,774.581,742.228,749.964,2514125000,0.841414026,-3.59E-05,11481977466,2548962,777.6658,801.1934,786.46145,
2005/11/4,-0.016436428,749.192,768.098,747.727,758.924,2119394600,0.850311244,-2.35E-05,9662511877,2548962,770.818,795.3173,786.0745,
2005/11/11,0.018910845,758.45,763.737,740.094,746.45,1799475600,0.88773751,-6.64E-06,8113479862,2548962,761.3776,787.7426,785.2881,
2005/11/18,0.00803612,746.057,765.042,733.032,760.566,1748774800,0.858283723,3.15E-06,7995580250,2548962,757.9924,780.8529,784.70045,
2005/11/25,-0.012595901,758.234,766.787,744.405,766.678,3040533400,0.893730783,2.27E-05,11613885547,2548962,756.5164,775.1568,785.63205,
2005/12/2,0.026432556,765.27,770.842,751.9,757.021,2099957400,0.9160148,-5.66E-06,8933273782,2548962,757.9278,767.7968,787.1053,
2005/12/9,0.006446332,756.037,777.649,748.013,777.031,2255614800,0.919966309,1.53E-05,10504220928,2548962,761.5492,766.1836,788.5309,
2005/12/16,0.012021124,776.193,784.175,767.612,782.04,2263341200,0.919298519,3.73E-05,10969854388,2555647,768.6672,765.0224,789.1967,
2005/12/23,0.006260732,781.931,791.651,777.861,791.441,1876849100,0.895474077,2.53E-05,9011422677,2555647,774.8422,766.4173,789.33715,
2005/12/30,0.050852842,791.388,804.61,787.871,796.396,3011252000,0.856157889,1.56E-05,14920058879,2555826,780.7858,768.6511,788.5405,
2006/1/6,-0.006881389,801.413,842.692,800.214,836.895,3362189900,0.877607662,4.22E-05,18253630547,2469951,796.7606,777.3442,789.2688,
2006/1/13,0.011117314,837.76,842.062,826.965,831.136,4010884500,0.851842082,2.69E-05,21786855393,2469951,807.5816,784.5654,789.94135,
2006/1/20,0.007869097,830.478,844.43,813.122,840.376,3739616200,0.883229685,2.75E-06,18481921540,2469951,819.2488,793.958,790.8503,
2006/1/25,0.015326055,840.962,847.161,834.749,846.989,2144284300,0.86918093,2.28E-05,11875270766,2563300,830.3584,802.6003,791.7266,
2006/2/10,-0.002297755,849.51,863.964,848.432,859.97,4766554700,0.877951667,1.25E-05,24188923468,2563300,843.0732,811.9295,793.54315,
2006/2/17,0.028884817,862.487,872.414,852.592,857.994,3651635800,0.898199437,9.12E-06,19258961474,2563300,847.293,822.0268,794.9118,
2006/2/24,-0.00272549,858.652,883.02,854.364,882.777,3803698700,0.926441517,1.79E-05,20298570593,2563300,857.6212,832.6014,799.3925,
2006/3/3,-0.026384331,893.211,897.103,869.84,880.371,4331805500,0.943382786,1.60E-05,24255510629,2660287,865.6202,842.4345,803.72845,
2006/3/10,0.007144665,880.11,884.214,852.086,857.143,3053941200,0.970215773,-2.53E-05,16034083014,2660287,867.651,849.0047,807.711,
2006/3/17,0.007149584,857.208,869.1,855.817,863.267,2370549200,0.950332995,-2.18E-05,12764545490,2660287,868.3104,855.6918,812.17145,
2006/3/24,0.01026754,863.558,881.282,858.96,869.439,3003484100,0.948846639,1.27E-05,15944900261,2660287,870.5994,858.9462,818.1452,805.7284667
2006/3/31,0.021569596,869.537,891.019,864.392,878.366,3731900700,0.974529642,1.25E-05,20257316624,2662055,869.7172,863.6692,824.1173,806.6409667
2006/4/7,0.01484545,879.544,910.536,879.544,897.312,4575650300,0.986472404,1.87E-05,26234262186,2662069,873.1054,869.3628,831.6604,807.7788
2006/4/14,0.032109533,898.005,916.267,889.757,910.633,4618785500,0.981282639,2.12E-05,25571681203,2666742,883.8034,875.7272,839.16375,809.0919
2006/4/21,0.026145022,915.535,942.234,908.705,939.873,6384066600,1.032572091,2.07E-05,33373717158,2783369,899.1246,883.7175,847.8235,811.0783
2006/4/28,0.089701238,949.675,966.321,924.454,964.446,6458551600,1.059829255,2.56E-05,38512013612,2799216,918.126,894.3627,858.19475,812.6043333
2006/5/12,0.043054052,968.919,1051.116,968.919,1050.958,8596959000,1.182666254,3.89E-05,55057689650,2826216,952.6444,911.1808,871.8911,815.8501
2006/5/19,-0.029262748,1059.773,1117.431,1046.89,1096.206,11021284200,1.206659904,3.75E-05,68265274543,3028461,992.4232,932.7643,887.5994,819.4784833
2006/5/26,0.031369347,1096.449,1107.661,1034.222,1064.128,8584120700,1.264437263,4.42E-06,49684928007,3028461,1023.1222,953.4628,901.23375,822.8891333
2006/6/2,-0.06018265,1069.881,1113.948,1063.226,1097.509,7553503900,1.209011136,4.77E-07,46596323608,3028461,1054.6494,976.887,916.2894,826.9493167
2009/8/21,-0.073513865,2418.317,2453.709,2206.597,2367.567,17659504600,1.108093176,-0.000214685,2.19E+11,37419097,2605.0978,2531.0822,2260.1944,1907.9324
2009/8/28,0.020047248,2384.338,2388.073,2177.923,2193.518,17052207200,1.104386602,-0.000241104,2.10E+11,37511917,2495.1964,2519.5116,2275.11235,1906.595917
2009/9/4,0.053402649,2163.013,2262.542,2033.44,2237.492,16717672200,1.074725322,-0.000123278,1.96E+11,37511917,2379.3176,2508.821,2290.9715,1907.1155
2009/9/11,-0.025736748,2254.752,2364.749,2211.435,2356.98,15445226800,1.071188713,0.000180991,1.87E+11,37512377,2323.816,2493.6908,2315.7831,1911.777933
2009/9/18,-0.030621181,2361.991,2405.599,2279.079,2296.319,16476686300,1.055792999,5.99E-05,2.01E+11,37512378,2290.3752,2471.4152,2335.81405,1912.625517
2009/9/25,-0.012397108,2271.084,2307.727,2166.235,2226.003,12603430400,1.040598518,-0.000165396,1.51E+11,37512378,2262.0624,2433.5801,2345.96655,1913.747233
2009/9/30,0.050161321,2230.924,2242.334,2144.603,2198.407,5601176300,1.008709971,-0.000285561,64046122353,37512379,2263.0402,2379.1183,2354.77185,1912.625967
2009/10/9,0.021781259,2251.817,2309.719,2246.279,2308.682,2430082200,1.010446442,0.000573354,29862083220,37512379,2277.2782,2328.2979,2371.8229,1914.342583
2009/10/16,0.051960857,2322.769,2402.35,2285.896,2358.968,11958971400,0.989546936,0.000263958,1.48E+11,43221159,2277.6758,2300.7459,2390.20705,1919.376783
2009/10/23,-0.042517918,2354.296,2498.613,2344.395,2481.542,15087877800,0.989704268,0.000214486,1.92E+11,43221159,2314.7204,2302.5478,2406.26335,1928.111267
2009/10/30,0.0573999,2488.605,2499.158,2341.919,2376.032,11992323100,0.989016194,4.07E-05,1.53E+11,67422398,2344.7262,2303.3943,2417.23825,1935.24405
2009/11/6,0.004606323,2319.701,2536.555,2313.786,2512.416,14900293100,0.98235704,5.63E-05,1.81E+11,67422398,2407.528,2335.2841,2427.39785,1944.193433
2009/11/13,0.023384809,2515.837,2549.639,2471.881,2523.989,15011995900,0.949795447,0.000279672,1.83E+11,67422403,2450.5894,2363.9338,2436.3774,1956.310567
2009/11/20,-0.075133217,2540.489,2627.925,2540.489,2583.012,18764433300,0.906435034,0.000101005,2.31E+11,67451086.7,2495.3982,2386.537,2440.1139,1970.828117
2009/11/27,0.082967272,2586.834,2615.246,2379.948,2388.942,21552635500,0.90249769,-0.00016745,2.78E+11,67451086.7,2476.8782,2395.7993,2433.60725,1983.134867
2009/12/4,-0.030902779,2411.91,2588.995,2405.597,2587.146,21365034400,0.843029299,5.05E-06,2.70E+11,67451086.7,2519.101,2431.9136,2432.74685,1996.064983
2009/12/11,-0.032909673,2587.07,2606.711,2486.69,2507.196,14691725300,0.728240248,0.000228365,1.94E+11,67778589.7,2518.057,2462.7925,2420.9554,2012.382667
2009/12/18,-0.007459938,2502.42,2569.059,2414.173,2424.685,15297638900,0.703586824,-0.000278716,1.89E+11,67898289.7,2498.1962,2474.3928,2401.34535,2028.124717
2009/12/25,0.061166452,2417.992,2435.184,2342.754,2406.597,11735335600,0.735152863,-0.000232149,1.52E+11,67897910.7,2462.9132,2479.1557,2389.9508,2044.7659
2009/12/31,-0.03431553,2412.668,2563.967,2412.668,2553.8,12887009800,0.770776946,0.000280558,1.69E+11,67897411,2495.8848,2486.3815,2394.46465,2065.200817
2010/1/8,-0.015553704,2565.108,2570.152,2432.013,2466.165,14707762700,0.850843992,0.000114266,2.08E+11,67897803,2471.6886,2495.3948,2399.39455,2083.579267
2010/1/15,-0.019668779,2584.528,2584.528,2384.165,2427.807,18500533600,0.85039795,-0.000186217,2.51E+11,69830156,2455.8108,2486.9339,2411.109,2098.201633
2010/1/22,-0.057167166,2414.893,2450.281,2317.481,2380.055,16334932400,0.843209663,-0.000149265,2.12E+11,69830156,2446.8848,2472.5405,2418.23715,2112.851
2010/1/29,-0.010870796,2355.357,2389.627,2231.649,2243.994,10537996700,0.811864947,-0.000501703,1.32E+11,69830091,2414.3642,2438.6387,2412.58785,2126.731483
2010/2/5,0.029188142,2238.617,2278.475,2182.952,2219.6,10219785200,0.786097231,-0.000461319,1.31E+11,69932091,2347.5242,2421.7045,2408.7519,2138.083683
2010/2/12,-0.004404247,2220.842,2286.676,2201.802,2284.386,6019506600,0.811439163,0.000209117,77695890921,69932091,2311.1684,2391.4285,2411.67105,2151.168583
2010/2/26,-0.002807866,2282.09,2291.783,2202.214,2274.325,8524094400,0.860783921,0.000202453,1.15E+11,69994207,2280.472,2368.1414,2415.46695,2163.1721
2010/3/5,0.002907045,2282.338,2320.312,2258.962,2267.939,8333911200,0.89302748,-6.05E-05,1.08E+11,70080198,2258.0488,2352.4668,2413.4298,2177.3572
2010/3/12,0.015833587,2272.607,2318.312,2265.195,2274.532,7995924900,0.92000122,7.98E-07,1.04E+11,70080198,2264.1564,2339.2603,2409.208,2192.184167
2010/3/19,-0.007735401,2274.714,2318.05,2232.953,2310.546,7388861700,0.992631849,0.000178947,99950578755,70380632,2282.3456,2314.9349,2400.6582,2206.574217
2010/3/26,0.037738046,2314.442,2330.671,2253.609,2292.673,8780389300,1.061554786,6.39E-05,1.06E+11,70380632,2284.003,2297.5857,2396.49025,2219.752033
2010/4/2,-0.01405518,2309.916,2386.14,2306.283,2379.194,12402787500,1.182310903,0.000168596,1.56E+11,70380632,2304.9768,2292.7244,2389.82915,2233.767383
2010/4/9,-0.00709111,2391.253,2403.816,2316.708,2345.754,7606950100,1.170188027,0.00021421,1.01E+11,70380632,2320.5398,2289.2943,2380.9174,2244.71325
2010/4/16,-0.061810899,2350.116,2374.558,2301.646,2329.12,11352019700,1.136298813,-0.000130486,1.55E+11,70380632,2331.4574,2297.8069,2368.2228,2254.272433
2010/4/23,-0.016338429,2296.882,2296.882,2169.47,2185.155,13412026200,1.108416553,-0.000359268,1.65E+11,70380632,2306.3792,2294.3624,2358.03345,2262.437433
2010/4/30,-0.078757247,2190.095,2197.591,2103.416,2149.453,9849739900,1.056125161,-0.000551943,1.15E+11,70476273,2277.7352,2280.8691,2336.1488,2271.72815
2010/5/7,0.019979113,2103.673,2130.757,1956.829,1980.168,8860574400,0.899718282,-0.000746178,1.06E+11,70479045,2197.93,2251.4534,2309.7974,2276.78445
2010/5/14,-0.037777822,1987.1,2051.272,1943.515,2019.73,10741859100,0.893852364,-0.000395977,1.26E+11,70479045,2132.7252,2226.6325,2289.54965,2283.346317
2010/5/21,0.015535942,1994.469,1994.469,1874.318,1943.429,9856089800,0.879159454,-0.000134615,1.05E+11,71511140,2055.587,2193.5222,2266.39125,2286.966617
2010/5/28,-0.040115078,1955.069,2017.324,1927.671,1973.622,10179132000,0.869001189,-0.000160533,1.08E+11,71579957,2013.2804,2159.8298,2237.38235,2289.433133
2010/6/4,-0.00594051,1961.699,1975.587,1876.197,1894.45,8016967500,0.876003189,-0.000225366,78792178802,71689668,1962.2798,2120.0075,2208.7966,2289.46185
2010/6/11,-0.006544725,1863.674,1914.076,1829.442,1883.196,8141327300,0.89876441,-0.000405966,83875852845,72136526,1942.8854,2070.4077,2181.56605,2289.262467
2010/6/18,0.024073814,1897.62,1901.571,1865.328,1870.871,2479644100,0.925001507,-0.000362083,25904895565,72136526,1913.1136,2022.9194,2156.10685,2288.4385
2010/6/25,-0.053932596,1880.127,1938.74,1873.694,1915.91,7294348700,0.938292274,0.0001738,77233822705,72978931,1907.6098,1981.5984,2139.70265,2289.357867
2010/7/2,0.031845767,1915.296,1931.51,1771.491,1812.58,7618043900,0.909175747,-0.000298296,68679126865,72934653,1875.4014,1944.3409,2119.35165,2287.972533
2010/7/9,-0.016619767,1795.477,1883.432,1776.38,1870.303,7246077900,0.918844875,-0.0002396,67510199168,72934653,1870.572,1916.4259,2098.6475,2285.428367
2010/7/16,0.057759299,1868.421,1897.632,1818.176,1839.219,8002411700,0.938352541,0.000136596,80934763308,74377179,1861.7766,1902.331,2076.8922,2282.377
2010/7/23,0.021233637,1822.443,1956.417,1818.515,1945.451,11014996900,0.928561746,0.000271308,1.07E+11,74377579,1876.6926,1894.9031,2060.7678,2282.006833
2010/7/30,-0.003791097,1948.629,2002.112,1929.796,1986.76,12394746100,0.931806558,0.000481375,1.14E+11,74377579,1890.8626,1899.2362,2046.3792,2281.931417
2010/8/6,-0.024533303,1984.124,2022.545,1934.57,1979.228,12775734100,0.930338722,0.000101078,1.14E+11,74377579,1924.1922,1899.7968,2029.8133,2278.911617
2010/8/13,0.018848369,1974.968,1992.433,1902.625,1930.671,11897327800,0.917158979,-0.000176492,1.03E+11,74377579,1936.2658,1903.4189,2011.7132,2275.147233
2010/8/20,-0.025154278,1926.391,2005.296,1920.458,1967.061,13285895000,0.917328946,-3.47E-05,1.30E+11,74952579,1961.8342,1911.8054,1991.10655,2269.444517
2010/8/27,0.006051896,1963.312,1982.467,1903.912,1917.581,8385058300,0.78904448,-6.06E-05,78681254475,74952579,1956.2602,1916.4764,1969.6979,2262.3309
2010/9/3,-0.007019023,1926.115,1949.933,1905.726,1929.186,11239740900,0.603014793,-0.0001284,1.14E+11,74952579,1944.7454,1917.804,1949.7012,2252.6793
2010/9/10,-0.030451884,1938.539,1983.507,1897.954,1915.645,12687027900,0.516286422,-5.96E-06,1.32E+11,74952579,1932.0288,1928.1105,1936.2257,2242.622133
2010/9/17,0.003824887,1914.379,1939.818,1845.073,1857.31,11050179900,0.460571366,-0.000252713,1.08E+11,74952579,1917.3566,1926.8112,1921.61855,2230.1714
2010/9/21,0.026118126,1859.424,1873.706,1844.157,1864.414,2659227700,0.459247864,-0.000756072,27926069869,75179782,1896.8272,1929.3307,1915.83085,2215.527883
2010/9/30,0.040198964,1869.983,1914.239,1856.816,1913.109,9065769500,0.413071584,0.000249547,1.07E+11,75303623,1895.9328,1926.0965,1910.4998,2200.464933
2010/10/8,0.132852332,1933.419,1997.489,1932.595,1990.014,4058764600,0.433924757,0.001249883,48462232480,75303623,1908.0984,1926.4219,1912.82905,2189.7237
2010/10/15,-0.010350906,2005.696,2255.566,2005.696,2254.392,35631943400,0.727822888,0.000386793,3.94E+11,77257929,1975.8478,1953.9383,1926.86755,2186.238183
2010/10/22,-0.01863601,2270.413,2321.691,2212.608,2231.057,30538921500,0.885285984,0.000307296,3.51E+11,77476792,2050.5972,1983.9769,1943.6979,2183.963017
2010/10/29,0.040888723,2232.015,2310.011,2180.86,2189.479,21960926700,0.949952668,-0.000101584,2.68E+11,77476792,2115.6102,2006.2187,1959.01205,2183.8957
2010/11/5,-0.065126257,2198.465,2308.039,2198.465,2279.004,24348030100,1.020005578,6.84E-05,2.94E+11,77476792,2188.7892,2042.361,1979.4187,2184.587567
2010/11/12,-0.042775187,2287.5,2294.686,2126.782,2130.581,24424137400,1.070039959,-0.000104631,3.00E+11,94999596,2216.9026,2062.5005,1990.15225,2180.81425
2010/11/19,-0.010320455,2135.514,2144.083,1978.693,2039.445,17252811500,1.059055352,-0.000580678,2.03E+11,95307631,2173.9132,2074.8805,2001.4955,2176.533017
2010/11/26,-0.005091664,2015.833,2042.016,1957.081,2018.397,13207995000,1.10207976,-0.000384437,1.53E+11,96433845,2131.3812,2090.9892,2008.9002,2173.072917
2010/12/3,0.006738143,2008.981,2023.856,1943.392,2008.12,9952049100,1.100345659,-0.000148832,1.15E+11,96433845,2095.1094,2105.3598,2017.34525,2169.901467
2010/12/10,0.005187344,2016.108,2056.063,1985.176,2021.651,11481952200,1.095148493,1.37E-05,1.33E+11,97628846,2043.6388,2116.214,2021.15525,2165.117617
2010/12/17,-0.009294644,2027.448,2084.194,2021.808,2032.138,13170246200,1.082002329,8.88E-05,1.46E+11,97764773,2023.9502,2120.4264,2023.42415,2159.67045
2010/12/24,-0.017823917,2039.286,2057.977,1969.98,2013.25,11966225700,1.080432659,-3.40E-05,1.34E+11,97764773,2018.7112,2096.3122,2025.12525,2151.865583
2010/12/31,0.014670021,2028.554,2045.235,1925.231,1977.366,11639217700,1.065021016,-0.000227111,1.26E+11,98074699,2010.505,2070.9431,2027.46,2145.22115
2011/1/7,-0.011837773,1994.362,2035.88,1969.322,2006.374,12227772600,1.050701871,-2.74E-05,1.53E+11,98074699,2010.1558,2052.6326,2029.42565,2136.787117
2011/1/14,-0.02864135,2001.395,2026.151,1968.219,1982.623,12182101900,1.047275179,2.14E-05,1.30E+11,98074699,2002.3502,2022.9945,2032.67775,2127.76435
2011/1/21,0.010023169,1968.953,1978.143,1890.756,1925.838,11529138000,1.055999865,-0.000341459,1.21E+11,98074699,1981.0902,2002.5202,2032.51035,2116.81145
2011/1/28,0.012105035,1926.39,1954.918,1899.055,1945.141,11437242200,1.029538049,-0.000162113,1.14E+11,98074699,1967.4684,1993.0898,2033.98515,2109.414767
2011/2/1,0.00395492,1944.739,1972.992,1941.079,1968.687,4005475800,1.012528124,0.000544783,43581601536,98074699,1965.7326,1988.1188,2039.554,2099.107117
2011/2/11,0.027242973,1958.247,1982.39,1932.13,1976.473,6512322500,1.01638714,0.000242582,73440504919,98074699,1959.7524,1984.9541,2045.15695,2090.261733
2011/2/18,-0.011652362,1976.279,2070.944,1976.279,2030.318,17585696000,1.106156379,0.00017459,2.05E+11,98074699,1969.2914,1985.8208,2051.0174,2083.68895
2011/2/25,0.036619557,2019.559,2053.332,1981.186,2006.66,13508048000,1.120300906,0.000110898,1.62E+11,98081854,1985.4558,1983.273,2051.8497,2077.023333
2011/3/4,-0.014917244,2009.085,2083.295,1990.58,2080.143,16609680600,1.087790071,0.00014506,2.03E+11,98180551,2012.4562,1989.9623,2043.13725,2069.12905
2011/3/11,-0.007138699,2092.317,2139.235,2044.003,2049.113,15254228400,1.122524663,0.000137216,2.00E+11,98937176,2028.5414,1997.137,2034.04005,2062.178183
2011/3/18,0.030376729,2045.669,2056.912,1989.646,2034.485,11959581900,0.754798145,-0.00018158,1.52E+11,98937176,2040.1438,1999.9481,2026.29035,2055.622817
2011/3/25,0.014389735,2040.1,2105.183,2022.682,2096.286,11740825200,0.874877658,0.000193994,1.43E+11,98937176,2053.3374,2011.3144,2017.15445,2050.893333
2011/4/1,0.027682274,2105.093,2130.06,2076.545,2126.451,15167387100,0.83361737,0.000294864,1.79E+11,98937238,2077.2956,2031.3757,2016.94795,2048.934283
2011/4/8,0.007216348,2130.077,2187.553,2130.077,2185.316,11493371900,0.847294757,0.000365593,1.35E+11,98937238,2098.3302,2055.3932,2024.2415,2048.362883
2011/4/15,-0.02245119,2191.931,2214.838,2146.072,2201.086,16963273100,0.881864119,0.000204709,1.95E+11,98937238,2128.7248,2078.6331,2033.37595,2046.97455
2011/4/22,-0.017566828,2192.29,2214.52,2134.835,2151.669,12593265700,0.914327407,-0.000120963,1.43E+11,98937238,2152.1616,2096.1527,2040.5534,2044.930283
2011/4/29,-0.036011185,2147.588,2150.801,2084.646,2113.871,11613550900,0.919537771,-0.000337708,1.32E+11,98981095,2155.6786,2104.508,2045.1644,2042.362483
2011/5/6,0.002704456,2111.228,2117.834,2021.985,2037.748,7864370000,0.974078116,-0.000669599,90846556536,99460491,2137.938,2107.6168,2045.4449,2038.416083
2011/5/13,0.004544211,2041.352,2062.903,2012.38,2043.259,6956967800,0.968571668,-0.000477952,86593832696,99541487,2109.5266,2103.9284,2046.94535,2033.9613
2011/5/20,-0.036954628,2036.317,2065.963,2009.564,2052.544,6796551000,0.962316761,0.000106534,84077144220,99720409,2079.8182,2104.2715,2050.70425,2029.95915
2011/5/27,-0.00088127,2047.774,2047.774,1969.742,1976.693,7423850000,0.983417901,-0.000437721,92789349179,99746435,2044.823,2098.4923,2049.2202,2023.2508
2011/6/3,-0.012111693,1974.535,2011.314,1943.97,1974.951,7616073600,0.962385814,-0.000496857,91268088386,100099535,2017.039,2086.3588,2048.8366,2017.07075
2011/6/10,-0.019811064,1968.172,1986.12,1930.338,1951.031,5324131200,0.952938353,-0.000244081,68124318636,100099535,1999.6956,2068.8168,2050.09625,2010.769267
2011/6/17,0.044404901,1936.055,1977.131,1910.994,1912.379,7782573400,0.94366405,-0.00040837,89525586241,100312225,1973.5196,2041.5231,2048.45815,2006.223
2011/6/24,-0.005641622,1910.285,2009.965,1896.982,1997.298,9214731200,0.899140841,0.000258154,1.03E+11,100312225,1962.4704,2021.1443,2049.8887,2003.687083
2011/7/1,0.01445245,1994.991,2007.783,1959.556,1986.03,10078192600,0.908883084,0.000383369,1.13E+11,100321673,1964.3378,2004.5804,2050.36655,2003.784783
2011/7/8,-0.001340624,1996.255,2040.086,1996.255,2014.733,12209801200,0.917398426,7.17E-05,1.43E+11,100321673,1972.2942,1994.6666,2049.5873,2003.7015
2011/7/15,-0.023460859,2006.067,2015.501,1966.466,2012.032,9869152300,0.922548219,0.000133908,1.13E+11,100940600,1984.4944,1992.095,2049.8559,2004.844883
2011/7/22,-0.028814227,2013.463,2014.707,1959.757,1964.828,8320181500,0.928939266,-0.000301795,94412855143,101371951,1994.9842,1984.2519,2044.09015,2004.698317
2011/7/29,-0.030431613,1954.315,1955.191,1885.625,1908.213,9135159700,0.932934501,-0.00057259,98446825328,101371957,1977.1672,1969.8188,2037.04515,2004.9277
2011/8/5,-0.006477337,1905.904,1919.884,1841.013,1850.143,6563256300,0.933995095,-0.000901531,76549014188,101371957,1949.9898,1957.1638,2027.82805,2004.376817
2011/8/12,-0.017341264,1832.662,1849.998,1741.099,1838.159,11774582100,0.891793938,-0.000316066,1.28E+11,101371957,1914.675,1943.4846,2014.9217,2003.831617
2011/8/19,0.038781852,1842.125,1886.235,1792.457,1806.283,8039163900,0.862698729,-0.00030416,86423846778,103145246,1873.5252,1929.0098,1998.9133,2002.0045
2011/8/26,-0.029663162,1808.061,1879.609,1782.973,1876.334,8909988800,0.814670174,0.000240419,91523055511,103145246,1855.8264,1925.4053,1983.4642,2003.067067
2011/9/2,-0.010843225,1856.744,1871.642,1811.267,1820.676,6972902800,0.806519028,0.000117869,71546192736,103145246,1838.319,1907.7431,1964.4437,2002.23995
2011/9/9,-0.008884279,1805.885,1827.474,1770.371,1800.934,5748695200,0.810428123,-0.000721056,58685754549,103151854,1828.4772,1889.2335,1946.90695,2001.601867
2011/9/16,-0.024993641,1775.216,1799.108,1753.558,1784.934,4669832800,0.846391165,-0.000433633,46477421217,103151854,1817.8322,1866.2536,1930.4601,1998.926583
2011/9/23,-0.032077397,1772.293,1814.55,1714.207,1740.322,7592126900,0.832823562,-0.000457272,75987782127,103151854,1804.64,1839.0826,1915.5888,1994.819283
2011/9/30,0.036044588,1724.034,1743.787,1678.424,1684.497,6838543500,0.854277723,-0.000848678,68926408500,103141905,1766.2726,1811.0495,1897.6507,1989.9071
2011/10/14,-0.039603739,1688.411,1751.286,1657.346,1745.214,9243102700,0.853258684,3.14E-05,84754751376,103164125,1751.1802,1794.7496,1882.2842,1986.81615
2011/10/21,0.078133306,1748.079,1770.261,1660.894,1676.097,6921360500,0.844274729,-7.43E-05,65505959045,103164125,1726.2128,1777.345,1867.2544,1981.96675
2011/10/28,0.013668088,1683.71,1827.02,1677.725,1807.056,11755930700,0.796028675,0.000310961,1.11E+11,103164125,1730.6372,1774.2347,1858.85965,1980.124667
2011/11/4,-0.028519644,1802.841,1843.95,1767.073,1831.755,10667410200,0.785595302,0.000900445,1.07E+11,103429393,1748.9238,1776.7819,1852.89585,1978.500817
2011/11/11,-0.033014632,1822.938,1831.179,1773.249,1779.514,7614087000,0.781223841,-0.000207036,73571348587,103428634,1767.9272,1767.0999,1846.2526,1976.231967
2011/11/18,-0.016907025,1795.812,1820.176,1716.698,1720.764,7131444000,0.761234606,-0.000878787,74541792337,103428634,1763.0372,1757.1087,1832.4259,1973.9562
2011/11/25,0.007558207,1722.906,1726.665,1685.902,1691.671,4580761000,0.758739815,-0.001114574,47470960085,103428634,1766.152,1746.1824,1817.70795,1971.07715
2011/12/2,-0.007272697,1698.297,1745.928,1657.631,1704.457,7034823300,0.722998882,-0.000139337,70235292597,103434837,1745.6322,1738.1347,1802.19415,1967.599617
2011/12/9,-0.037269342,1708.957,1716.267,1681.592,1692.061,4888451800,0.688293846,4.88E-06,48250229333,103434837,1717.6934,1733.3086,1786.1956,1962.633733
2011/12/16,-0.006786376,1689.722,1692.534,1594.287,1628.999,5556381200,0.670917831,-0.000824745,51769248022,103512408.2,1687.5904,1727.7588,1769.40415,1952.210517
2011/12/23,-0.000204581,1615.953,1646.732,1584.15,1617.944,6344198200,0.757856744,-0.00071469,55739653596,103512408.2,1667.0264,1715.0318,1754.8907,1941.991967
2011/12/30,-0.005721393,1608.525,1621.935,1571.513,1617.613,5521064900,0.804613156,-0.000131046,47875704601,103513091.2,1652.2148,1709.1834,1743.2642,1932.460867
2012/1/6,0.048219986,1628.168,1631.255,1588.598,1608.358,4477104300,0.821331614,-0.000136973,38160268255,103504588,1632.995,1689.3136,1731.77415,1921.283433
2012/1/13,0.052895968,1608.491,1717.802,1598.39,1685.913,10387332300,0.764279366,0.000420728,1.00E+11,103504588,1631.7654,1674.7294,1725.75565,1913.8723
2012/1/20,-0.001633156,1676.143,1779,1649.039,1775.091,10325650400,0.735711116,0.001044336,1.06E+11,104020480,1660.9838,1674.2871,1720.6935,1909.4664
2012/2/3,0.003456172,1778.135,1780.222,1709.536,1772.192,8195190200,0.776448409,0.000649611,82806269120,104026202,1691.8334,1679.4299,1718.2693,1905.362983
2012/2/10,-0.007121902,1775.436,1800.034,1721.852,1778.317,9683954300,0.761418491,1.95E-05,95768118837,104026202,1723.9742,1688.0945,1717.13845,1901.532933
2012/2/17,0.034584391,1757.02,1786.477,1747.83,1765.652,7809108000,0.714150642,-4.92E-05,78708245893,104092836,1755.433,1694.214,1716.17435,1897.266283
2012/2/24,0.009378579,1790.39,1827.039,1756.41,1826.716,11119235200,0.729664728,0.000254946,1.10E+11,104158796,1783.5936,1707.6795,1720.49405,1893.842583
2012/3/2,-0.017551338,1833.444,1851.357,1813.447,1843.848,11962366900,0.72028918,0.000385677,1.22E+11,104174370,1797.345,1729.1644,1728.4616,1891.019217
2012/3/9,-0.017339356,1847.454,1850.252,1774.508,1811.486,10371405100,0.792567798,-8.38E-05,1.09E+11,104258086,1805.2038,1748.5186,1731.7752,1888.25455
2012/3/16,-0.018066644,1810.095,1831.856,1754.057,1780.076,12066152800,0.788638637,-0.000298854,1.24E+11,104261257,1805.5556,1764.7649,1736.97415,1884.482917
2012/3/23,-0.024190522,1775.961,1781.077,1741.53,1747.916,9699515000,0.766459831,-0.000377216,1.02E+11,104261257,1802.0084,1778.7207,1734.01715,1880.571133
2012/3/30,0.018690422,1747.851,1760.75,1681.971,1705.633,7384988400,0.76234334,-0.000590493,82586088556,104274749,1777.7918,1780.6927,1727.71105,1876.90105
2012/4/6,0.022765886,1698.744,1739.888,1691.478,1737.512,3880537800,0.7647474,-0.000159944,43001106565,104274749,1756.5246,1776.9348,1725.61095,1873.440567
2012/4/13,0.021841595,1730.45,1785.453,1702.949,1777.068,7823964000,0.77305345,0.000558184,87035128738,104274749,1749.641,1777.4224,1728.42615,1870.246917
2012/4/20,0.003667639,1767.667,1816.364,1748.765,1815.882,8631231400,0.787955717,0.00054492,89388700449,104275869,1756.8022,1781.1789,1734.6367,1867.5704
2012/4/27,0.029692594,1812.933,1832.84,1784.257,1822.542,10215922800,0.797628607,0.000261197,1.06E+11,104276631,1771.7274,1786.8679,1740.54095,1864.107467
2012/5/4,-0.032465159,1846.864,1877.425,1836.271,1876.658,7282292600,0.756987539,0.000479591,86060188089,104350605,1805.9324,1791.8621,1749.7708,1861.940767
2012/5/11,-0.022117802,1864.382,1871.391,1814.866,1815.732,10180367900,0.687358523,-3.83E-05,1.21E+11,104362231,1821.5764,1789.0505,1759.10745,1857.533917
2012/5/18,0.000452812,1827.51,1829.482,1771.279,1775.572,8353112700,0.575462469,-0.000672978,96644738244,104362231,1821.2772,1785.4591,1766.98885,1852.9749
2012/5/25,0.018099209,1775.287,1815.962,1770.829,1776.376,7240962800,0.551405239,-0.000312397,84152785595,104362231,1813.376,1785.0891,1774.927,1848.673083
2012/6/1,-0.038672356,1771.693,1827.627,1763.692,1808.527,8344052700,0.702904329,0.000232165,94600597441,104373438,1810.573,1791.1502,1784.93545,1843.8771
2012/6/8,0.01777593,1790.693,1791.608,1736.083,1738.587,7490036900,0.705700692,-0.00029644,89999290294,104373442,1782.9588,1794.4456,1787.56915,1837.4127
2012/6/15,-0.019302715,1741.185,1775.573,1734.806,1769.492,7268351000,0.732698817,-0.000310041,81057319291,104406181,1773.7108,1797.6436,1787.2892,1830.4823
2012/6/21,-0.015259293,1778.092,1785.775,1730.209,1735.336,4592090100,0.745345125,-4.26E-05,49336924940,104526916,1765.6636,1793.4704,1785.4464,1822.7198
2012/6/29,0.001593464,1729.099,1729.46,1675.517,1708.856,6031660900,0.796990926,-0.000593845,64471757517,104526928,1752.1596,1782.7678,1781.97335,1815.339583
2012/7/6,-0.015517835,1715.957,1723.068,1681.039,1711.579,6708337700,0.861616058,-0.00021332,72840638156,104529626,1732.77,1771.6715,1779.2697,1808.634717
2012/7/13,-0.015856794,1699.414,1708.194,1651.252,1685.019,7314556600,0.875679675,-0.000199579,76667890402,104654177,1722.0564,1752.5076,1772.18485,1802.7559
2012/7/20,-0.016878731,1688.775,1688.775,1642.122,1658.3,6297728300,0.90986931,-0.00051735,66712643663,104666788,1699.818,1736.7644,1762.90745,1796.339917
2012/7/27,0.00692445,1646.758,1646.758,1620.931,1630.31,5344729600,0.971182278,-0.000635824,52298807007,104666788,1678.8128,1722.2382,1753.84865,1789.302683
2012/8/3,0.014361607,1633.479,1651.973,1622.688,1641.599,5855998700,1.030078357,-0.00018297,55710803386,106390099,1665.3614,1708.7605,1746.9248,1783.717783
2012/8/10,-0.035535004,1639.757,1675.52,1638.1,1665.175,6355174700,1.040710336,0.000358008,72091296362,106390099,1656.0806,1694.4253,1742.78775,1778.55485
2012/8/17,-0.011140701,1661.599,1661.599,1595.242,1606.003,5519836300,1.021555135,-0.000417935,57176243403,106390099,1640.2774,1681.1669,1737.80625,1772.804383
2012/8/24,-0.023242708,1594.055,1609.992,1582.714,1588.111,5456168400,1.037255508,-0.000903024,53235995200,106462214,1626.2396,1663.0288,1730.3362,1767.399917
2012/8/31,0.043846083,1583.914,1583.914,1542.238,1551.199,6360569900,1.038110452,-0.00057117,56971475246,106462214,1610.4174,1644.6151,1719.04275,1759.964933
2012/9/7,-0.002787156,1547.767,1634.693,1531.106,1619.213,9321392700,0.951223607,0.000223677,82249687767,106462214,1605.9402,1635.6508,1709.2093,1753.851317
2012/9/14,-0.042568898,1620.36,1628.643,1593.362,1614.7,8694658800,0.942628242,0.000501252,83687591078,106462214,1595.8452,1625.9629,1698.8172,1747.1841
2012/9/21,0.043421451,1612.55,1615.215,1535.61,1545.964,6958282000,0.890685003,-0.000692136,65798263614,106462214,1583.8374,1612.0574,1682.2825,1739.4163
2012/9/28,0.003451136,1534.649,1616.384,1528.579,1613.092,7563569600,0.84252965,-1.40E-05,69883599731,106462215,1588.8336,1607.5366,1672.1505,1733.554033
2012/10/12,0.011803598,1611.638,1636.412,1588.002,1618.659,6846114000,0.797784968,0.000731372,62146124288,106482215,1602.3256,1606.3715,1664.30485,1728.728133
2012/10/19,-0.032402695,1620.048,1643.479,1603.275,1637.765,5871881600,0.756040568,0.000277372,55403905622,106482215,1606.036,1605.9881,1657.3743,1725.1885
2012/10/26,0.026446696,1628.185,1648.079,1577.72,1584.697,6318515100,0.705513075,-0.00035359,55179821083,106482215,1600.0354,1597.9403,1646.1828,1720.964133
2012/11/2,-0.021366562,1581.232,1628.832,1566.95,1626.607,7204216800,0.592058854,-0.000100699,63633289274,106482215,1616.164,1600.0007,1640.5838,1717.969533
2012/11/9,-0.025312655,1623.757,1634.794,1587.789,1591.852,6714220500,0.524722398,7.19E-05,58211652067,106854005,1611.916,1600.3748,1631.7018,1713.228167
2012/11/16,0.011082409,1592.856,1601.291,1542.532,1551.558,5828583600,0.456595108,-0.000845844,49268678899,106854005,1598.4958,1600.4107,1622.5129,1708.742867
2012/11/23,-0.013382604,1550.248,1574.484,1533.513,1568.753,4749881700,0.42111086,-0.000327098,46556341186,107070688,1584.6934,1595.3647,1615.50775,1704.873183
2012/11/30,0.056313677,1565.644,1569.359,1529.033,1547.759,5598056500,0.403206338,-4.68E-05,46360507748,107070688,1577.3058,1588.6706,1607.31675,1700.920267
2012/12/7,0.056970406,1544.589,1637.544,1528.28,1634.919,11565602100,0.307909755,0.000390465,1.03E+11,107070688,1578.9682,1597.5661,1604.81175,1699.16355
2012/12/14,0.005745168,1642.078,1728.822,1634.634,1728.061,13478220700,0.468836966,0.000925412,1.17E+11,107070688,1606.21,1609.063,1608.2998,1699.889617
2012/12/21,0.045951384,1732.902,1769.77,1725.564,1737.989,14908368600,0.659589949,0.000456065,1.41E+11,107850052,1643.4962,1620.996,1613.68375,1699.7692
2012/12/28,0.028961654,1733.406,1819.651,1731.843,1817.852,13227157600,0.825630914,0.00042367,1.34E+11,107850052,1693.316,1639.0047,1622.4964,1702.131783
2013/1/4,-0.027541299,1821.98,1899.88,1821.98,1870.5,7208663700,0.935669406,0.001141708,71757476714,107945613,1757.8642,1667.585,1632.76265,1703.189183
2013/1/11,0.037279052,1865.058,1892.13,1810.836,1818.984,13054733200,0.964009825,5.15E-06,1.38E+11,107945613,1794.6772,1686.8227,1643.4117,1702.976333
2013/1/18,-0.0001802,1811.315,1907.652,1811.066,1886.794,14909608600,1.023079946,6.31E-05,1.58E+11,107956752,1826.4238,1716.3169,1658.34585,1704.764333
2013/1/25,0.089729196,1890.85,1961.979,1871.67,1886.454,16959987300,1.036934144,0.000236106,1.67E+11,107956768,1856.1168,1749.8065,1675.1086,1707.525833
2013/2/1,-0.006470713,1890.885,2058.052,1890.885,2055.724,20410969800,1.100887475,0.000473553,2.14E+11,107956768,1903.6912,1798.5036,1696.93415,1713.593383
2013/2/8,-0.077822801,2068.022,2088.446,2014.752,2042.422,21866981800,1.07790306,0.000408179,2.28E+11,107956768,1938.0756,1847.9699,1718.32025,1719.226133
2013/2/22,0.032359336,2051.922,2055.411,1876.324,1883.475,16413417700,1.099803769,-0.000551116,1.72E+11,107956768,1950.9738,1872.8255,1735.1958,1722.416367
2013/3/1,-0.022084701,1893.442,1963.597,1863.011,1944.423,15991712400,1.093792605,-0.000324926,1.68E+11,108293693,1962.4996,1894.4617,1751.76235,1727.673433
2013/3/8,-0.031639022,1904.43,1943.926,1828.549,1901.481,18084081800,1.098002116,5.72E-05,1.90E+11,108293693,1965.505,1910.8109,1765.90345,1732.39905
2013/3/15,0.034291704,1895.046,1900.357,1815.366,1841.32,12875473000,1.091577912,-0.000446309,1.32E+11,108372302,1922.6242,1913.1577,1776.0812,1736.1275
2013/3/22,-0.058424899,1829.393,1913.266,1805.557,1904.462,13525206400,1.081434093,1.26E-05,1.41E+11,108379522,1895.0322,1916.5539,1792.06945,1741.062567
2013/3/29,-0.001967439,1913.791,1927.371,1774.924,1793.194,14674710500,1.062984954,-0.000193031,1.42E+11,108379522,1876.976,1913.9749,1800.3988,1742.850583
2013/4/3,-0.008471413,1781.793,1805.739,1771.37,1789.666,5852256200,1.015683173,-0.001116318,55127611905,108381916,1846.0246,1904.2621,1810.2895,1743.0935
2013/4/12,0.030136855,1755.763,1808.285,1747.66,1774.505,8712387000,0.950741916,-0.000129667,87404779376,108394446,1820.6294,1893.0672,1821.43685,1743.13205
2013/4/19,-0.033887624,1768.206,1836.611,1739.218,1827.983,10691900700,0.973451801,0.000217056,1.07E+11,108394446,1817.962,1870.2931,1834.39835,1743.959817
2013/4/26,0.016676887,1820.027,1830.994,1755.439,1766.037,10453998600,0.990118828,-4.95E-05,1.04E+11,108394446,1790.277,1842.6546,1845.31225,1743.966233
2013/5/3,0.013159646,1758.379,1821.379,1745.571,1795.489,4248787500,0.958917322,-0.000453496,40912371927,108394446,1790.736,1833.856,1853.34075,1743.445783
2013/5/10,0.013573618,1804.889,1842.126,1794.421,1819.117,9829006500,0.949095853,0.000331458,1.01E+11,108394446,1796.6262,1821.3254,1857.89355,1743.0336
2013/5/17,-0.007955271,1819.556,1849.875,1770.406,1843.809,10007543000,0.96258214,0.00029149,1.04E+11,108394446,1810.487,1815.5582,1863.18455,1743.572317
2013/5/24,0.006683465,1848.324,1877.27,1814.569,1829.141,10524038800,0.955955002,5.67E-05,1.11E+11,108329413,1810.7186,1814.3403,1863.749,1744.390067
2013/5/31,-0.044066199,1825.225,1882.751,1821.157,1841.366,11258167300,0.946477508,-1.27E-05,1.13E+11,108329413,1825.7844,1808.0307,1862.2923,1745.947567
2013/6/7,-0.031857877,1840.4,1854.38,1755.599,1760.224,8426186600,0.943036169,-0.000484444,84978139629,108341757,1818.7314,1804.7337,1859.3543,1746.857417
2013/6/14,-0.041653097,1733.142,1733.142,1679.664,1704.147,4364897000,0.942946164,-0.001849677,40380802393,108341757,1795.7374,1796.1818,1850.22195,1746.301333
2013/6/21,-0.049462883,1709.478,1712.939,1598.468,1633.164,8435995100,0.907355793,-0.000945024,82126073073,110442970,1753.6084,1782.0477,1837.55745,1743.902933
2013/6/28,-0.006656862,1625.445,1625.445,1422.984,1552.383,15995030300,0.655771498,-0.000614915,1.27E+11,110442980,1698.2568,1754.4877,1812.3904,1739.511283
2013/7/5,0.029532135,1539.778,1556.592,1501.083,1542.049,10994411900,0.736119193,-0.000563177,93207508155,110983160,1638.3934,1732.0889,1787.37175,1734.8364
2013/7/12,-0.04799038,1518.876,1653.587,1497.505,1587.589,14650488000,0.704459298,0.000171811,1.29E+11,110990380,1603.8664,1711.2989,1772.57745,1730.018583
2013/7/19,0.006756649,1599.035,1631.99,1508.275,1511.4,11622252800,0.710726569,-0.000234005,1.02E+11,136834995,1565.317,1680.5272,1750.9263,1724.946383
2013/7/26,0.009787646,1493.987,1569.735,1485.06,1521.612,10049630800,0.732137005,-0.00056585,85012024605,136834995,1543.0066,1648.3075,1731.93285,1720.713717
